important_features,category
9231, Player vs. Player
10117, Player vs. Player
10116, Player vs. Player
10115, Player vs. Player
10113, Player vs. Player
10112, Player vs. Player
10111, Player vs. Player
10110, Player vs. Player
10109, Player vs. Player
10118, Player vs. Player
10108, Player vs. Player
10107, Player vs. Player
10106, Player vs. Player
10105, Player vs. Player
10104, Player vs. Player
10103, Player vs. Player
10102, Player vs. Player
10101, Player vs. Player
10100, Player vs. Player
582, Alterac Valley
10099, Player vs. Player
10119, Player vs. Player
10121, Player vs. Player
12187, Player vs. Player
12188, Player vs. Player
12189, Player vs. Player
12190, Player vs. Player
12191, Player vs. Player
12192, Player vs. Player
12194, Player vs. Player
12195, Player vs. Player
10120, Player vs. Player
12196, Player vs. Player
11004, Player vs. Player
11003, Player vs. Player
10853, Expansion Features
10852, Expansion Features
10765, Legacy
10764, Legacy
10599, Professions
10580, Professions
11011, Player vs. Player
12186, Player vs. Player
10098, Player vs. Player
10096, Player vs. Player
9502, Draenor
1685, Winter Veil
12862, World
1686, Winter Veil
1687, Winter Veil
1699, Love is in the Air
1704, Love is in the Air
9242, Player vs. Player
9505, Professions
9241, Player vs. Player
9239, Player vs. Player
9232, Player vs. Player
12874, War Effort
9230, Player vs. Player
1785, Cooking
1786, Children's Week
1788, Children's Week
1800, Cooking
9240, Player vs. Player
10097, Player vs. Player
9506, Professions
9601, Draenor
10001, Player vs. Player
10000, Player vs. Player
9998, Player vs. Player
560, Raids
9997, Player vs. Player
9996, Player vs. Player
557, Legacy
556, Legacy
9566, Events
9995, Player vs. Player
9729, Events
1244, Exploration
9708, Legacy
9707, Legacy
9635, Draenor
1279, Love is in the Air
1280, Love is in the Air
9618, Events
1206, Eastern Kingdoms
12185, Player vs. Player
12183, Player vs. Player
12179, Player vs. Player
11046, Player vs. Player
11387, Raids
11045, Player vs. Player
11044, Player vs. Player
11042, Player vs. Player
705, Legacy
11041, Player vs. Player
11040, Player vs. Player
11047, Player vs. Player
11039, Player vs. Player
11037, Player vs. Player
11698, Player vs. Player
11036, Player vs. Player
11035, Player vs. Player
11034, Player vs. Player
11033, Player vs. Player
691, Raids
11032, Player vs. Player
11038, Player vs. Player
11031, Player vs. Player
11048, Player vs. Player
11049, Player vs. Player
11054, Player vs. Player
11055, Player vs. Player
11057, Player vs. Player
11058, Player vs. Player
11059, Player vs. Player
11060, Player vs. Player
11061, Player vs. Player
11062, Player vs. Player
11261, Legion
11051, Player vs. Player
11166, Player vs. Player
11167, Player vs. Player
11168, Player vs. Player
11169, Player vs. Player
11170, Player vs. Player
11175, Legion
11050, Player vs. Player
11221, Legion Class Hall
11165, Player vs. Player
688, Raids
11029, Player vs. Player
11028, Player vs. Player
12071, Expansion Features
11015, Player vs. Player
11014, Player vs. Player
12134, Player vs. Player
12167, Player vs. Player
12168, Player vs. Player
12169, Player vs. Player
12170, Player vs. Player
12045, Player vs. Player
12171, Player vs. Player
12173, Player vs. Player
11013, Player vs. Player
12174, Player vs. Player
11012, Player vs. Player
12175, Player vs. Player
12176, Player vs. Player
12177, Player vs. Player
12178, Player vs. Player
12172, Player vs. Player
12044, Player vs. Player
12043, Player vs. Player
12042, Player vs. Player
11027, Player vs. Player
11026, Player vs. Player
11025, Player vs. Player
11024, Player vs. Player
11023, Player vs. Player
11022, Player vs. Player
11021, Player vs. Player
12010, Player vs. Player
12034, Player vs. Player
12035, Player vs. Player
12036, Player vs. Player
11020, Player vs. Player
11019, Player vs. Player
12038, Player vs. Player
11017, Player vs. Player
12039, Player vs. Player
11016, Player vs. Player
12040, Player vs. Player
12041, Player vs. Player
1871, Lich King Dungeon
11053, Player vs. Player
1956, Northrend
3316, Raids
3845, Isle of Conquest
6939, Player vs. Player
4079, Raids
4080, Raids
4156, Raids
6872, Feats of Strength
6871, Feats of Strength
4316, Currencies
6870, Feats of Strength
6869, Feats of Strength
6868, Feats of Strength
6867, Feats of Strength
6866, Feats of Strength
6864, Feats of Strength
4436, Winter Veil
13739, War Effort
4437, Winter Veil
6940, Player vs. Player
6863, Feats of Strength
3819, Raids
13699, Battle for Azeroth
7298, Pandaria
13568, World
8729, Pandaria
3556, Pilgrim's Bounty
3557, Pilgrim's Bounty
3559, Pilgrim's Bounty
7287, Pandaria
3580, Pilgrim's Bounty
13630, Player vs. Player
13644, Player vs. Player
3581, Pilgrim's Bounty
3758, Player vs. Player
7049, Silvershard Mines
3808, Raids
3809, Raids
3810, Raids
3817, Raids
3818, Raids
6862, Feats of Strength
6861, Feats of Strength
6860, Feats of Strength
14188, Deepwind Gorge
5443, Kalimdor
6865, Feats of Strength
8654, Player vs. Player
10114, Player vs. Player
11018, Player vs. Player
11030, Player vs. Player
11043, Player vs. Player
11056, Player vs. Player
12037, Player vs. Player
12197, Player vs. Player
13643, Player vs. Player
5442, Eastern Kingdoms
5373, Legacy
5372, Legacy
5358, Player vs. Player
5344, Player vs. Player
14187, Deepwind Gorge
14186, Deepwind Gorge
5512, Events
14159, Battle for Azeroth
6859, Feats of Strength
6838, Professions
6836, Professions
6350, Pandaria
6349, Legacy
6348, Legacy
6317, Player vs. Player
6316, Player vs. Player
13549, Battle for Azeroth
6024, Darkmoon Faire
5870, Cataclysm
5865, Cataclysm
5863, Events
5854, Winter Veil
5853, Winter Veil
14060, Visions of N'Zoth
5548, Cataclysm
14158, Battle for Azeroth
5874, Cataclysm
7313, Pandaria
11052, Player vs. Player
7316, Pandaria
13038, Battle for Azeroth
13039, Battle for Azeroth
8649, Player vs. Player
8646, Player vs. Player
13048, Battle for Azeroth
8645, Player vs. Player
13051, Battle for Azeroth
8644, Player vs. Player
8643, Player vs. Player
8358, Battlegrounds
8343, Legacy
13062, Battle for Azeroth
13064, Battle for Azeroth
13087, Battle for Azeroth
13094, Battle for Azeroth
7315, Legacy
13200, Player vs. Player
13036, Battle for Azeroth
13029, Battle for Azeroth
13028, Battle for Azeroth
8652, Player vs. Player
2017, Player vs. Player
2018, Legacy
2019, Legacy
8670, Player vs. Player
8669, Player vs. Player
12945, Player vs. Player
12963, Player vs. Player
12964, Player vs. Player
13210, Player vs. Player
8668, Player vs. Player
8666, Player vs. Player
8659, Player vs. Player
13014, Battle for Azeroth
13020, Battle for Azeroth
8658, Player vs. Player
8657, Player vs. Player
13024, Battle for Azeroth
8653, Player vs. Player
8667, Player vs. Player
13211, Player vs. Player
2186, Raids
8340, Legacy
8108, Pandaria
2187, Raids
13449, Dungeons
8093, Player vs. Player
8022, Legacy
8020, Legacy
2903, Raids
2904, Raids
2716, Legacy
7947, Legacy
7937, Legacy
2974, Raids
2983, Raids
3004, Raids
3005, Raids
3016, Raids
3057, Raids
3059, Raids
7946, Legacy
2557, Northrend
13448, Dungeons
8307, Legacy
2359, Legacy
2398, Events
13310, War Effort
13309, War Effort
8218, Player vs. Player
8244, Player vs. Player
8243, Player vs. Player
2199, Wintergrasp
2422, Noblegarden
2436, Noblegarden
2556, Exploration
5386, Feats of Strength
12939, Battle for Azeroth
7324, Pandaria
13720, World
5449, Cataclysm
5250, Battle for Gilneas
409, Player vs. Player
1188, Love is in the Air
3848, Isle of Conquest
6030, Darkmoon Faire
4858, Archaeology
2420, Noblegarden
5868, Cataclysm
13474, Battle for Azeroth
6031, Darkmoon Faire
8050, Pandaria
12406, Seething Shore
6, Character
2907, Raids
5482, Cataclysm
13054, Battle for Azeroth
8051, Pandaria
13009, Battle for Azeroth
13027, Battle for Azeroth
10709, Legion Dungeon
3582, Pilgrim's Bounty
11, Character
2421, Noblegarden
8114, Pandaria
889, Character
13011, Battle for Azeroth
5860, Cataclysm
13556, Battle for Azeroth
10671, Character
13, Character
11066, Legion
12544, Character
10334, Feats of Strength
890, Character
1257, Fishing
12, Character
10, Character
2923, Legacy
8, Character
2016, Player vs. Player
891, Character
10722, Fishing
6850, Pandaria
6193, Character
157, Arathi Basin
7, Character
213, Eye of the Storm
6716, Pandaria
9, Character
9060, Character
2908, Raids
6132, Cataclysm Dungeon
9825, Draenor
5257, Battle for Gilneas
291, Hallow's End
583, Arathi Basin
7248, Pandaria Scenarios
1153, Arathi Basin
9481, Draenor
603, Player vs. Player
3736, Argent Tournament
503, Quests
277, Winter Veil
1688, Winter Veil
5871, Cataclysm
10069, Draenor
4826, Character
9836, Draenor
13307, War Effort
5444, Eastern Kingdoms
1790, Children's Week
2497, Noblegarden
137, Professions
12489, Battle Dungeon
10459, Legion Class Hall
6858, Pandaria
1295, Winter Veil
6477, Pandaria Dungeon
5864, Cataclysm
2419, Noblegarden
4400, Events
6855, Pandaria
6754, Pandaria
6847, Pandaria
12722, Battle Dungeon
5850, Fishing
11919, Darkmoon Faire
2576, Noblegarden
9562, Draenor
13061, Battle for Azeroth
5765, Cataclysm Dungeon
418, Player vs. Player
6846, Pandaria
5761, Cataclysm Dungeon
1781, Cooking
221, Alterac Valley
5719, Tol Barad
1865, Lich King Dungeon
13057, Battle for Azeroth
1276, Outland
272, Midsummer
7945, Legacy
5481, Cataclysm
5849, Fishing
13470, Battle for Azeroth
5385, Feats of Strength
8049, Pandaria
13437, Battle for Azeroth
6931, Pandaria Scenarios
1552, Lunar Festival
9637, Draenor
3854, Isle of Conquest
5480, Professions
8983, Draenor Raid
5251, Battle for Gilneas
5226, Twin Peaks
872, Warsong Gulch
9533, Draenor
7948, Legacy
11567, Brawler's Guild
6715, Pandaria Dungeon
5779, Cooking
2155, Lich King Dungeon
6857, Pandaria
2772, Argent Tournament
1751, Wintergrasp
1789, Children's Week
11802, Legion
1260, Brewfest
9071, Professions
5446, Cataclysm
9638, Draenor
293, Brewfest
9103, Ashran
5454, Kalimdor
1275, Outland
6856, Pandaria
5844, Cooking
2039, Lich King Dungeon
5505, Cataclysm Dungeon
2933, Raids
1254, Northrend
9104, Ashran
2924, Legacy
252, Winter Veil
5256, Battle for Gilneas
3803, Lich King Dungeon
9667, Draenor
13691, Battle for Azeroth
11262, Legion
5744, Cataclysm Dungeon
4522, Lich King Dungeon
1281, Lunar Festival
13345, Battle Raid
5861, Cataclysm
1763, Player vs. Player
7330, Pandaria
3852, Isle of Conquest
5483, Cataclysm
9678, Draenor
1718, Wintergrasp
11769, Legion Dungeon
604, Player vs. Player
1291, Love is in the Air
283, Hallow's End
5487, Tol Barad
2935, Raids
2193, Player vs. Player
8714, Pandaria
8105, Pandaria
973, Quests
1185, Brewfest
7317, Pandaria
5227, Twin Peaks
5286, Cataclysm Dungeon
2960, Raids
5367, Cataclysm Dungeon
13764, Battle for Azeroth
9900, Draenor Garrison
12410, Seething Shore
5262, Battle for Gilneas
7319, Pandaria
7289, Pandaria
3097, Raids
5477, Fishing
8351, Battlegrounds
8350, Battlegrounds
587, Eye of the Storm
13767, Battle Raid
5193, Archaeology
8537, Pandaria Raid
584, Arathi Basin
644, Classic
226, Alterac Valley
13722, Battle for Azeroth
3850, Isle of Conquest
5220, Twin Peaks
5192, Archaeology
12574, World
9564, Draenor
5486, Tol Barad
14160, Battle for Azeroth
2189, Player vs. Player
1690, Winter Veil
13763, Battle for Azeroth
4859, Archaeology
9436, Draenor
1957, Fishing
13419, Raids
5546, Kalimdor
9633, Draenor
1864, Lich King Dungeon
9535, Draenor
6882, Temple of Kotmogu
9435, Draenor
5848, Fishing
7230, Pandaria
13476, Battle for Azeroth
1251, Warsong Gulch
5873, Cataclysm
4403, Lich King Raid
5369, Cataclysm Dungeon
5313, Raids
5547, Kalimdor
13779, Feats of Strength
5294, Cataclysm Dungeon
12576, World
6883, Silvershard Mines
5304, Cataclysm Raid
6947, Temple of Kotmogu
784, Eye of the Storm
5248, Battle for Gilneas
12614, Battle for Azeroth
12726, Battle Dungeon
5448, Kalimdor
1872, Lich King Dungeon
9710, Draenor
2057, Lich King Dungeon
10817, Legion Raid
5842, Cooking
9222, Ashran
10016, Draenor Garrison
1765, Player vs. Player
12551, Battle Raid
962, Northrend
6427, Pandaria Dungeon
12943, Battle for Azeroth
13489, Fishing
5479, Fishing
161, Arathi Basin
13698, Battle Dungeon
10015, Draenor Garrison
2959, Raids
150, Fishing
5855, Cataclysm Raid
12579, World
1502, Warsong Gulch
8119, Pandaria
1696, Love is in the Air
5290, Cataclysm Dungeon
2152, Lich King Dungeon
5291, Cataclysm Dungeon
10609, Archaeology
1428, Northrend
5841, Cooking
624, Lich King Raid
495, Lich King Dungeon
5285, Cataclysm Dungeon
9659, Draenor
10075, Draenor
224, Alterac Valley
2094, Fishing
13477, Battle for Azeroth
616, Player vs. Player
8725, Pandaria
8712, Pandaria
3800, Lich King Raid
1296, Lich King Dungeon
5718, Tol Barad
5450, Cataclysm
4256, Isle of Conquest
1176, Character
3856, Isle of Conquest
6070, Cataclysm Dungeon
5219, Twin Peaks
9181, Draenor Garrison
5284, Cataclysm Dungeon
6455, Pandaria Raid
2975, Raids
5221, Twin Peaks
504, Quests
13479, Battle for Azeroth
2041, Lich King Dungeon
14024, Battle Raid
12940, Battle for Azeroth
9257, Ashran
9634, Draenor
2154, Lich King Dungeon
4406, Lich King Raid
8090, Pandaria Raid
1151, Alterac Valley
2925, Raids
8315, Pandaria Scenarios
13713, Battle for Azeroth
8332, Deepwind Gorge
2037, Lich King Dungeon
1412, Feats of Strength
496, Lich King Dungeon
13023, Battle for Azeroth
2927, Raids
5445, Cataclysm
11773, Legion Raid
5191, Archaeology
4852, Cataclysm Raid
1195, Outland
6180, Cataclysm Raid
13482, Battle for Azeroth
5371, Cataclysm Dungeon
5296, Cataclysm Dungeon
14038, Battle Raid
3181, Raids
5478, Fishing
1277, Northrend
1860, Lich King Dungeon
1297, Lich King Dungeon
1701, Love is in the Air
5281, Cataclysm Dungeon
13570, World
8081, Pandaria Raid
5295, Cataclysm Dungeon
1761, Player vs. Player
2909, Raids
5289, Cataclysm Dungeon
8314, Pandaria Scenarios
610, Player vs. Player
9543, Draenor Garrison
5847, Fishing
12270, Battle Dungeon
12867, War Effort
10068, Draenor
13430, Battle Raid
5293, Cataclysm Dungeon
9552, Draenor Dungeon
12578, World
6937, Pandaria Raid
11768, Legion Dungeon
5222, Twin Peaks
10575, Legion Raid
1801, Cooking
6824, Pandaria Raid
5317, Cataclysm
158, Arathi Basin
8082, Pandaria Raid
8975, Draenor Raid
9419, Archaeology
6717, Pandaria Raid
9894, Darkmoon Faire
5503, Cataclysm Dungeon
3777, Isle of Conquest
11674, Legion Raid
2153, Lich King Dungeon
13308, War Effort
9433, Draenor
9536, Draenor
13501, Battle Raid
8952, Draenor Raid
5504, Cataclysm Dungeon
231, Player vs. Player
12884, War Effort
5326, Rated Battleground
12869, War Effort
1866, Lich King Dungeon
2976, Raids
13121, Island Expeditions
13768, Battle Raid
7252, Pandaria Scenarios
8722, Pandaria
7249, Pandaria Scenarios
5283, Cataclysm Dungeon
3847, Isle of Conquest
1877, Lich King Raid
12084, Legion
673, The Burning Crusade
10996, Legion Dungeon
5246, Battle for Gilneas
5799, Cataclysm Raid
11869, Raids
8120, Pandaria
6972, Temple of Kotmogu
1261, Hallow's End
13047, Battle for Azeroth
11841, Legion
13684, Battle Raid
9858, Draenor Garrison
10544, Legion Dungeon
2095, Fishing
1919, Lich King Dungeon
5869, Cataclysm
13999, Battle Raid
9057, Draenor Dungeon
9412, Archaeology
1762, Player vs. Player
9023, Draenor Dungeon
10412, Legion Dungeon
13325, Battle Raid
8520, Pandaria Raid
6129, Cataclysm Raid
1694, Love is in the Air
489, Lich King Dungeon
3003, Raids
6821, Pandaria Dungeon
12836, Battle Raid
5213, Twin Peaks
13306, War Effort
13316, Battle Raid
5829, Cataclysm Raid
5843, Cooking
4539, Lich King Raid
6736, Pandaria Dungeon
4526, Lich King Dungeon
3002, Raids
5209, Twin Peaks
3098, Raids
2151, Lich King Dungeon
10604, Archaeology
9007, Draenor Dungeon
7328, Cooking
491, Lich King Dungeon
9571, Draenor
9655, Draenor
4874, Cataclysm
12273, Battle Dungeon
9097, Draenor Garrison
12408, Seething Shore
203, Warsong Gulch
13060, Battle for Azeroth
12499, Battle Dungeon
6026, Darkmoon Faire
3816, Lich King Raid
7518, Pandaria
7299, Pandaria
13401, Battle Raid
1517, Fishing
14023, Battle Raid
2941, Raids
5415, Tol Barad
13022, Battle for Azeroth
5475, Cooking
10610, Legion Dungeon
8112, Pandaria
10696, Legion Raid
13410, Battle Raid
3558, Pilgrim's Bounty
13050, Battle for Azeroth
13696, Battle for Azeroth
14147, Battle Raid
13629, Battle Raid
5370, Cataclysm Dungeon
204, Warsong Gulch
6420, Pandaria Dungeon
2926, Raids
8103, Pandaria
8117, Pandaria
12454, Promotions
5214, Twin Peaks
8536, Pandaria Raid
6923, Pandaria Scenarios
219, Alterac Valley
8016, Pandaria Scenarios
5310, Cataclysm Raid
10747, Legion Class Hall
5287, Cataclysm Dungeon
1817, Lich King Dungeon
8097, Pandaria Raid
7522, Pandaria Scenarios
13990, Battle Raid
5760, Cataclysm Dungeon
12009, Legion Dungeon
10457, Legion Dungeon
6874, Pandaria Scenarios
7984, Pandaria Scenarios
4975, Cataclysm
6476, Pandaria Dungeon
6472, Pandaria Dungeon
10663, Legion Raid
2940, Raids
12896, War Effort
11915, Legion Raid
12548, Battle Dungeon
12005, Legion Dungeon
12457, Battle Dungeon
6926, Dungeons & Raids
3009, Raids
7529, Pandaria Scenarios
7987, Pandaria Scenarios
14139, Battle Raid
9056, Draenor Dungeon
7385, Pandaria Scenarios
9617, Draenor
6130, Cataclysm Dungeon
13628, Battle Raid
5282, Cataclysm Dungeon
6471, Pandaria Dungeon
5418, Tol Barad
13431, Battle Raid
2760, Argent Tournament
8529, Pandaria Raid
8993, Draenor Dungeon
5476, Fishing
13473, Battle for Azeroth
961, Northrend
6928, Pandaria Dungeon
206, Warsong Gulch
6671, Pandaria Dungeon
6713, Pandaria Dungeon
3849, Isle of Conquest
10276, Draenor Garrison
12602, Battle Dungeon
7509, Pandaria Scenarios
6674, Pandaria Raid
11675, Legion Raid
12942, Battle for Azeroth
12462, Battle Dungeon
7329, Pandaria
968, Hallow's End
2767, Argent Tournament
492, Lich King Dungeon
2769, Argent Tournament
10771, Legion Raid
5416, Tol Barad
5824, Rated Battleground
13542, Battle for Azeroth
9411, Archaeology
6922, Pandaria Raid
3015, Raids
1406, Feats of Strength
5368, Cataclysm Dungeon
9410, Archaeology
7439, Pandaria
1022, Midsummer
11386, Legion Raid
8528, Pandaria Raid
73, Arathi Basin
12855, Battle Dungeon
5471, Cooking
10587, Professions
5488, Tol Barad
9025, Draenor Dungeon
9613, Draenor
10030, Draenor Raid
7986, Pandaria Scenarios
2416, Noblegarden
2766, Argent Tournament
13513, Mounts
12878, War Effort
892, Character
11928, Legion Raid
5366, Cataclysm Dungeon
5872, Cataclysm
7988, Pandaria Scenarios
7102, Silvershard Mines
12601, Battle Dungeon
2038, Lich King Dungeon
9224, Ashran
2044, Lich King Dungeon
1698, Love is in the Air
12723, Battle Dungeon
9024, Draenor Dungeon
9413, Archaeology
12995, Battle for Azeroth
2919, Raids
1041, Hallow's End
13041, Battle for Azeroth
2184, Lich King Raid
2056, Lich King Dungeon
1040, Hallow's End
10542, Legion Dungeon
12853, Battle for Azeroth
1816, Lich King Dungeon
9415, Archaeology
202, Warsong Gulch
6518, Pandaria Raid
12508, Battle Dungeon
4525, Lich King Dungeon
3188, Raids
7265, Pandaria Scenarios
2176, Lich King Raid
9432, Draenor
2045, Lich King Dungeon
1225, Fishing
7062, Silvershard Mines
13716, Battle Raid
9128, Draenor Garrison
2939, Raids
611, Player vs. Player
8877, Dungeons
8727, Pandaria
7295, Pandaria
13703, Honor
1868, Lich King Dungeon
10057, Draenor Raid
9414, Archaeology
7530, Pandaria Scenarios
10605, Archaeology
493, Lich King Dungeon
1419, Feats of Strength
7612, Archaeology
617, Player vs. Player
10679, Legion Dungeon
10680, Legion Dungeon
10555, Legion Raid
9018, Draenor Dungeon
2762, Argent Tournament
216, Eye of the Storm
6133, Cataclysm Raid
1023, Midsummer
498, Lich King Dungeon
155, Arathi Basin
3014, Raids
222, Alterac Valley
10755, Legion Raid
9460, Fishing
8538, Pandaria Raid
11930, Legion Raid
12482, Battle for Azeroth
6089, Pandaria Dungeon
220, Alterac Valley
2761, Argent Tournament
3179, Raids
8947, Draenor Raid
612, Player vs. Player
388, Player vs. Player
10165, Draenor Garrison
9658, Draenor
9550, Events
5753, Cataclysm
2046, Lich King Dungeon
5300, Cataclysm Raid
7363, Archaeology
2764, Argent Tournament
7288, Pandaria
6936, Pandaria Raid
6823, Pandaria Raid
3577, Pilgrim's Bounty
7367, Archaeology
13506, Battle Raid
8118, Pandaria
679, The Burning Crusade
12944, Battle for Azeroth
10710, Legion Dungeon
6128, Cataclysm Raid
156, Arathi Basin
3456, World Events
1026, Midsummer
1028, Midsummer
12588, Battle for Azeroth
2910, Raids
2913, Raids
3578, Pilgrim's Bounty
3844, Currencies
14008, Battle Raid
2765, Argent Tournament
13305, War Effort
6025, Darkmoon Faire
5754, Cataclysm
12898, War Effort
680, The Burning Crusade
7611, Fishing
11573, Brawler's Guild
3597, Pilgrim's Bounty
12830, Battle Raid
12770, Archaeology
7272, Pandaria Scenarios
9541, Draenor
3158, Raids
5743, Cataclysm Dungeon
8978, Draenor Raid
10086, Draenor Raid
1799, Cooking
5329, Rated Battleground
271, Midsummer
8876, Dungeons
13738, War Effort
13425, Battle Raid
1032, Midsummer
1414, Feats of Strength
13472, Battle for Azeroth
10707, Legion Dungeon
8527, Pandaria Raid
1997, Lich King Raid
4937, Kalimdor
8721, Pandaria
3855, Isle of Conquest
12852, Battle for Azeroth
14037, Battle Raid
3141, Raids
1358, Northrend
5292, Cataclysm Dungeon
7361, Archaeology
1025, Midsummer
11696, Legion Raid
12078, Legion
3058, Raids
12918, Heart of Azeroth
9455, Fishing
12941, Battle for Azeroth
670, The Burning Crusade
5474, Cooking
13573, Battle for Azeroth
578, Lich King Raid
8212, Pandaria
9499, Draenor Garrison
910, Lunar Festival
13724, Battle Raid
6929, Pandaria Dungeon
7365, Archaeology
7990, Pandaria Scenarios
613, Player vs. Player
9026, Draenor Dungeon
967, Hallow's End
9979, Draenor Raid
1031, Midsummer
1411, Feats of Strength
12549, Battle Dungeon
9457, Fishing
8999, Dungeons
9619, Dungeons & Raids
5305, Cataclysm Raid
10554, Legion Dungeon
7369, Archaeology
3008, Raids
1029, Midsummer
1697, Love is in the Air
4297, Lich King Dungeon
11676, Legion Raid
1427, Feats of Strength
3056, Raids
7526, Pandaria Scenarios
2043, Lich King Dungeon
1757, Player vs. Player
2836, Argent Tournament
9501, Cooking
12899, War Effort
10754, Legion Raid
646, Classic
1194, Outland
8317, Pandaria Scenarios
7614, Fishing
7360, Archaeology
2188, Dungeons
3006, Raids
7997, Pandaria
7527, Pandaria Scenarios
2930, Raids
3157, Raids
3177, Raids
2768, Argent Tournament
9612, Draenor
6460, Pandaria Dungeon
1190, Outland
2980, Raids
11607, Legion
10697, Legion Raid
6946, Pandaria Dungeon
7371, Archaeology
167, Warsong Gulch
1252, Warsong Gulch
5301, Archaeology
9912, Draenor Garrison
12937, Battle Raid
6943, Pandaria Scenarios
2914, Raids
7331, Archaeology
11240, Legion
10776, Legion Dungeon
12889, War Effort
7373, Archaeology
9083, Draenor Dungeon
8214, Player vs. Player
6127, Cataclysm Dungeon
7290, Pandaria
7368, Archaeology
7307, Pandaria
12823, Battle Raid
3778, Lich King Dungeon
9456, Fishing
3011, Raids
3182, Raids
9914, Draenor Garrison
2146, Lich King Raid
10413, Legion Dungeon
9132, Draenor Garrison
5253, Battle for Gilneas
672, The Burning Crusade
3012, Raids
13623, World
7468, Events
4927, Kalimdor
7366, Archaeology
7991, Pandaria Scenarios
7336, Archaeology
7099, Silvershard Mines
12772, Battle Raid
2050, Lich King Raid
9656, Draenor
7370, Archaeology
8720, Pandaria
13706, Battle Dungeon
7266, Pandaria Scenarios
40, Northrend
4918, Professions
2040, Lich King Dungeon
10830, Legion Raid
3180, Raids
8981, Draenor Raid
2915, Raids
8872, Dungeons
7308, Pandaria
8107, Pandaria
7467, Events
5249, Battle for Gilneas
3457, World Events
7992, Pandaria Scenarios
2973, Raids
2178, Lich King Raid
7375, Archaeology
10603, Archaeology
8011, Pandaria Scenarios
12765, Archaeology
6912, Dungeons
8873, Dungeons
11264, Legion
2989, Raids
8010, Pandaria Scenarios
7332, Archaeology
13750, Battle for Azeroth
7364, Archaeology
12571, World
9548, Draenor
12849, Battle for Azeroth
2963, Raids
1413, Feats of Strength
5383, Feats of Strength
10593, Cooking
4915, Professions
7358, Archaeology
3178, Raids
9458, Fishing
4815, Lich King Raid
1858, Lich King Raid
12756, Fishing
9600, Draenor
8098, Pandaria Raid
3436, Player vs. Player
13759, Battle for Azeroth
12998, Battle Dungeon
9459, Fishing
7362, Archaeology
4849, Cataclysm Raid
209, Eye of the Storm
6909, Dungeons
2051, Lich King Raid
9483, Draenor
9225, Ashran
8880, Dungeons
5417, Tol Barad
6684, Pandaria Dungeon
11948, Legion Raid
9422, Archaeology
4856, Archaeology
3336, Player vs. Player
3076, Raids
2763, Argent Tournament
3176, Raids
8892, Dungeons
4933, Kalimdor
2182, Lich King Raid
2931, Raids
8979, Draenor Raid
8359, Battlegrounds
7372, Archaeology
2937, Raids
11432, Legion Dungeon
2911, Raids
284, Hallow's End
1723, Wintergrasp
3159, Raids
12870, War Effort
8453, Pandaria Raid
12764, Archaeology
13025, Battle for Azeroth
7993, Pandaria Scenarios
969, Hallow's End
9461, Fishing
3596, Pilgrim's Bounty
9216, Ashran
9547, Fishing
10851, Legion Raid
963, Hallow's End
3077, Raids
1166, Alterac Valley
8017, Pandaria Scenarios
9034, Draenor Dungeon
2047, Lich King Raid
6902, Dungeons
7377, Archaeology
7523, Pandaria Scenarios
13781, Dungeons
7333, Archaeology
13711, Battle for Azeroth
420, Player vs. Player
2934, Raids
1030, Midsummer
5320, Cataclysm
8235, Archaeology
10762, Cooking
9728, Draenor
4872, Cataclysm
1856, Lich King Raid
2943, Raids
12721, Battle Dungeon
668, The Burning Crusade
8329, Pandaria Scenarios
730, Professions
7376, Archaeology
8014, Pandaria Scenarios
1996, Lich King Raid
2996, Raids
1832, Exploration
965, Hallow's End
12595, Island Expeditions
12851, Battle for Azeroth
11681, Legion
2942, Raids
4978, Kalimdor
2192, Player vs. Player
5211, Twin Peaks
6475, Pandaria Dungeon
3186, Raids
1273, Outland
3804, Lich King Dungeon
10608, Archaeology
4524, Lich King Dungeon
6885, Dungeons
2961, Raids
7374, Archaeology
144, Fishing
783, Eye of the Storm
35, Northrend
966, Hallow's End
9081, Draenor Dungeon
8893, Dungeons
2982, Raids
7944, Legacy
11724, Legion Raid
4932, Kalimdor
259, Winter Veil
8998, Dungeons
12876, War Effort
12575, World
12104, Legion
6903, Dungeons
6914, Dungeons
9256, Ashran
11258, Legion
9002, Dungeons
7335, Archaeology
13026, Battle for Azeroth
8889, Dungeons
4523, Lich King Dungeon
4176, Isle of Conquest
7359, Archaeology
7276, Pandaria Scenarios
6918, Dungeons
6886, Dungeons
11065, Events
7338, Archaeology
10875, Legion Dungeon
1192, Outland
8015, Pandaria Scenarios
8009, Pandaria Scenarios
13080, Dungeons
11265, Legion
6917, Dungeons
1255, Winter Veil
13098, Island Expeditions
500, Lich King Dungeon
8884, Dungeons
4817, Lich King Raid
912, Lunar Festival
11337, Legion Raid
6531, Pandaria Dungeon
2905, Raids
10307, Draenor Garrison
1596, Northrend
7339, Archaeology
10766, Legion Dungeon
2185, Lich King Raid
12507, Battle Dungeon
9636, Draenor
4926, Kalimdor
13569, World
8791, Player vs. Player
2944, Raids
7349, Archaeology
7344, Archaeology
6899, Dungeons
7321, Pandaria
5750, Cataclysm Dungeon
6908, Dungeons
11260, Legion
9494, Draenor Garrison
13106, Island Expeditions
6011, Midsummer
7340, Archaeology
7337, Archaeology
7357, Archaeology
3576, Pilgrim's Bounty
2967, Raids
5396, Feats of Strength
1006, Player vs. Player
10699, Legion Raid
9058, Draenor Dungeon
8881, Dungeons
8743, Pandaria
8531, Pandaria Raid
2971, Raids
2785, Argent Tournament
2995, Raids
13757, Battle for Azeroth
7341, Archaeology
7928, Pandaria
12828, Battle Raid
2177, Lich King Raid
6119, Cataclysm Dungeon
8221, Archaeology
6822, Pandaria Dungeon
7524, Pandaria Scenarios
2928, Raids
915, Lunar Festival
2921, Legacy
1027, Midsummer
12600, Battle Dungeon
2955, Raids
1033, Midsummer
4936, Kalimdor
6013, Midsummer
5297, Cataclysm Dungeon
1024, Midsummer
1396, Lunar Festival
260, Love is in the Air
4527, Lich King Raid
5867, Cataclysm
2049, Lich King Raid
11949, Legion Raid
7347, Archaeology
12272, Battle Dungeon
2200, Player vs. Player
7602, Hallow's End
5388, Feats of Strength
6900, Dungeons
1183, Brewfest
5862, Cataclysm
9479, Draenor
4078, Feats of Strength
12769, Archaeology
5995, Cataclysm Dungeon
6915, Dungeons
8784, Pandaria
7989, Pandaria Scenarios
38, Northrend
6012, Midsummer
13438, World
249, Noblegarden
8888, Dungeons
8347, Pandaria Scenarios
609, Lunar Festival
4925, Kalimdor
9509, Draenor Garrison
873, Alterac Valley
9008, Draenor Dungeon
11259, Legion
13102, Island Expeditions
4935, Kalimdor
10070, Draenor
6726, Pandaria Raid
5395, Feats of Strength
12771, Battle for Azeroth
5255, Battle for Gilneas
13756, Battle for Azeroth
1184, Brewfest
5835, Hallow's End
5759, Cataclysm Dungeon
4530, Lich King Raid
7322, Pandaria
7343, Archaeology
9632, Draenor
6889, Dungeons
8012, Pandaria Scenarios
8067, Pandaria Raid
911, Lunar Festival
1782, Cooking
6023, Darkmoon Faire
8101, Pandaria
2191, Player vs. Player
7943, Legacy
419, Player vs. Player
4981, Kalimdor
3189, Raids
13686, Battle for Azeroth
7601, Hallow's End
3017, Raids
9530, Draenor
914, Lunar Festival
8231, Archaeology
8111, Pandaria
2787, Argent Tournament
7346, Archaeology
12400, Lich King Raid
9434, Draenor
9209, Draenor Garrison
8479, Pandaria Raid
13760, Battle for Azeroth
9042, Draenor Dungeon
8885, Dungeons
12938, Battle Raid
1421, Feats of Strength
6009, Midsummer
8719, Pandaria
13035, Battle for Azeroth
4528, Lich King Raid
12573, World
12555, Battle for Azeroth
7933, Pandaria Raid
5866, Cataclysm
13120, Island Expeditions
13079, Dungeons
2965, Raids
2917, Raids
11770, Legion Raid
8106, Legacy
7327, Cooking
2968, Raids
5470, Archaeology
5472, Cooking
12257, Legion Raid
6890, Dungeons
6014, Midsummer
6394, Pandaria Dungeon
8233, Archaeology
9711, Draenor
6734, Pandaria Raid
8726, Pandaria
6537, Pandaria
877, Cooking
8063, Pandaria Raid
8115, Pandaria
7309, Pandaria
6911, Dungeons
5231, Twin Peaks
135, Professions
4873, Cataclysm
6008, Midsummer
37, Northrend
3007, Raids
11263, Legion
1193, Outland
10753, Legion Raid
1869, Lich King Raid
4618, Lich King Raid
7381, Pandaria
7356, Archaeology
9005, Draenor Dungeon
8062, Pandaria Raid
8368, Pandaria Scenarios
6400, Pandaria Dungeon
2981, Raids
11257, Legion
6175, Cataclysm Raid
559, Legacy
8078, Pandaria
7320, Pandaria
10262, Draenor
13194, Brawler's Guild
10174, Draenor Garrison
3217, Fishing
7353, Archaeology
8928, Draenor
12582, Battle for Azeroth
2786, Argent Tournament
6538, Pandaria
5247, Battle for Gilneas
446, Player vs. Player
5328, Rated Battleground
5473, Cooking
8116, Pandaria
4296, Lich King Dungeon
7351, Archaeology
2997, Raids
9827, Draenor Garrison
9537, Draenor
5823, Rated Battleground
6728, Pandaria Raid
579, Lich King Raid
7334, Archaeology
9167, Draenor Garrison
9491, Draenor
8229, Archaeology
2002, Cooking
9442, Raids
1165, Collections
4931, Kalimdor
10770, Collections
14148, Battle Raid
2952, Raids
5387, Feats of Strength
667, The Burning Crusade
7273, Pandaria Scenarios
8482, Pandaria Raid
6725, Pandaria Raid
6007, Midsummer
2139, Lich King Raid
5311, Cataclysm Raid
9045, Draenor Dungeon
445, Player vs. Player
3184, Raids
7355, Archaeology
8481, Pandaria Raid
4790, Events
12863, World
9437, Draenor
4929, Kalimdor
3851, Isle of Conquest
7302, Cooking
12577, World
13341, Midsummer
7258, Pandaria Scenarios
9531, Draenor
7345, Archaeology
5453, Kalimdor
12498, Battle Dungeon
1833, Exploration
7231, Pandaria Scenarios
8065, Pandaria Raid
9016, Feats of Strength
4895, Eastern Kingdoms
13317, World
13789, Dungeons
7350, Archaeology
7342, Archaeology
8319, Pandaria Scenarios
12927, Pet Battles
1404, Feats of Strength
1783, Cooking
9035, Draenor Dungeon
5838, Hallow's End
9003, Dungeons
2951, Raids
6945, Pandaria Dungeon
6010, Midsummer
13016, Battle for Azeroth
4402, Lich King Raid
2036, Lich King Dungeon
1778, Cooking
13584, Island Expeditions
2001, Cooking
7929, Pandaria
7297, Pandaria
131, Professions
2183, Lich King Raid
13758, Battle for Azeroth
13059, Battle for Azeroth
4529, Lich King Raid
9210, Draenor Garrison
10746, Legion Class Hall
8470, Pandaria Raid
2053, Lich King Raid
13475, Battle for Azeroth
4865, Cataclysm
8927, Draenor
8044, Midsummer
8472, Pandaria Raid
867, Outland
8882, Dungeons
12431, Legion
4904, Eastern Kingdoms
12762, Archaeology
2140, Lich King Raid
1874, Lich King Raid
12592, Island Expeditions
8227, Archaeology
2932, Raids
5836, Hallow's End
472, Player vs. Player
8897, Dungeons
5307, Cataclysm Raid
8045, Midsummer
7271, Pandaria Scenarios
1203, Brewfest
12028, Legion
907, Player vs. Player
1764, Player vs. Player
13429, World
141, Professions
5312, Cataclysm Raid
11431, Legion Dungeon
3677, Argent Tournament
8043, Midsummer
8100, Pandaria
4866, Cataclysm
5318, Cataclysm
4930, Kalimdor
7352, Archaeology
8068, Pandaria Raid
2916, Raids
1798, Cooking
11699, Legion Raid
2972, Raids
1359, Northrend
7348, Archaeology
1272, Outland
4908, Eastern Kingdoms
8471, Pandaria Raid
7314, Pandaria
8064, Pandaria Raid
1779, Cooking
8306, Legacy
1271, Outland
2929, Raids
2048, Lich King Raid
13133, Island Expeditions
1191, Outland
248, Noblegarden
1145, Midsummer
8311, Pandaria Scenarios
8225, Archaeology
5859, Cataclysm
8699, Winter Veil
5216, Twin Peaks
4934, Kalimdor
1859, Lich King Raid
6536, Pandaria
3161, Raids
6402, Pandaria Dungeon
6906, Dungeons
11186, Legion
862, Outland
1356, Northrend
1357, Northrend
7312, Pandaria
8066, Pandaria Raid
12495, Battle Dungeon
8037, Pandaria Raid
10067, Draenor
6006, Lunar Festival
13751, Battle for Azeroth
13580, Island Expeditions
684, Raids
8724, Pandaria
4869, Cataclysm
5837, Hallow's End
7304, Cooking
7354, Archaeology
452, Player vs. Player
6731, Pandaria Raid
6727, Pandaria Raid
8325, Legacy
4842, Cataclysm Raid
6732, Pandaria Raid
11736, Legion
8364, Pandaria Scenarios
7100, Silvershard Mines
1422, Feats of Strength
8895, Dungeons
6686, Pandaria Raid
10275, Draenor Garrison
4870, Cataclysm
6540, Pandaria
9036, Draenor Dungeon
6552, Pandaria
6729, Pandaria Raid
13018, Battle for Azeroth
12004, Legion Dungeon
7305, Cooking
3185, Raids
11178, Legion
440, Player vs. Player
468, Player vs. Player
6105, Cataclysm Raid
4982, Cataclysm
13021, Battle for Azeroth
3163, Raids
8478, Pandaria Raid
8929, Draenor Raid
10748, Legion Class Hall
9017, Draenor Dungeon
471, Player vs. Player
2779, Argent Tournament
4979, Kalimdor
8234, Archaeology
6374, Dungeons
7261, Pandaria Scenarios
12747, Cooking
1270, Northrend
4396, Lich King Raid
4177, Isle of Conquest
2179, Lich King Raid
200, Warsong Gulch
437, Player vs. Player
3237, Raids
5308, Cataclysm Raid
1266, Northrend
9610, Draenor
6733, Pandaria Raid
11920, Darkmoon Faire
8294, Pandaria Scenarios
2052, Lich King Raid
2945, Raids
8898, Dungeons
1780, Cooking
10602, Archaeology
13723, Battle Dungeon
5501, Cataclysm
130, Fishing
132, Professions
4596, Argent Tournament
937, Lunar Festival
3010, Raids
165, Arathi Basin
8042, Midsummer
2054, Lich King Raid
8468, Pandaria Raid
13114, Island Expeditions
6683, Pandaria Raid
8930, Draenor Raid
3187, Raids
1857, Lich King Raid
7942, Legacy
8223, Archaeology
2918, Raids
133, Professions
860, Kalimdor
2083, Wrath of the Lich King
6825, Pandaria Raid
4017, Lich King Raid
8366, Pandaria Scenarios
3013, Raids
6021, Darkmoon Faire
9492, Draenor
6730, Pandaria Raid
12860, World
5552, Twin Peaks
14161, Battle for Azeroth
8942, Draenor
1263, Northrend
4531, Lich King Raid
6351, Pandaria
8056, Pandaria Raid
9428, World Events
2956, Raids
10173, Draenor Garrison
8465, Pandaria Raid
8890, Dungeons
11738, Legion
12067, Legion Raid
8249, Raids
10259, Draenor
2777, Argent Tournament
11921, Darkmoon Faire
8469, Pandaria Raid
3162, Raids
6534, Pandaria
4516, Lich King Dungeon
6898, Dungeons
8327, Pandaria Scenarios
2979, Raids
2000, Cooking
7852, Events
6893, Dungeons
10167, Draenor Garrison
3183, Raids
8058, Pandaria Raid
5060, Cataclysm Dungeon
618, Player vs. Player
4016, Lich King Raid
5469, Archaeology
7286, Pandaria
275, Children's Week
5392, Feats of Strength
8295, Pandaria Scenarios
7323, Pandaria
9408, Ashran
1425, Feats of Strength
439, Player vs. Player
10154, Draenor Garrison
13754, Battle for Azeroth
13400, Island Expeditions
10044, Raids
11427, Legion
8228, Archaeology
10586, Professions
6020, Darkmoon Faire
8891, Dungeons
2954, Raids
8977, Draenor Raid
9761, Darkmoon Faire
4601, Lich King Raid
8059, Pandaria Raid
12503, Battle Dungeon
4909, Eastern Kingdoms
10769, Legion Dungeon
6897, Dungeons
8874, Dungeons
13755, Battle for Azeroth
8543, Pandaria Raid
2906, Raids
6375, Dungeons
1766, Player vs. Player
6032, Darkmoon Faire
453, Player vs. Player
608, Lunar Festival
7291, Pandaria
8330, Pandaria Scenarios
443, Player vs. Player
3997, Lich King Raid
5381, Feats of Strength
11279, Midsummer
9033, Draenor Dungeon
6895, Dungeons
7303, Cooking
5447, Cataclysm
8087, Pandaria Raid
8680, Pandaria Raid
7103, Silvershard Mines
11284, Midsummer
8920, Draenor
6724, Pandaria Raid
8086, Pandaria Raid
6892, Dungeons
6535, Pandaria
2936, Raids
11283, Midsummer
4850, Cataclysm Raid
8480, Pandaria Raid
9712, Pet Battles
8886, Dungeons
9828, Draenor Garrison
6551, Pandaria
858, Eastern Kingdoms
13426, Battle for Azeroth
470, Player vs. Player
4855, Archaeology
8707, Mounts
10054, Draenor Raid
4518, Lich King Dungeon
1457, Northrend
10156, Draenor Garrison
6888, Dungeons
8222, Archaeology
8110, Pandaria
7239, Pandaria Scenarios
5315, Archaeology
12398, Lich King Raid
13115, Island Expeditions
6301, Pandaria
8336, Legacy
10061, Draenor
11875, Raids
4976, Kalimdor
3757, Mounts
10553, Legion Dungeon
13753, Battle for Azeroth
2156, Lich King Dungeon
1282, Winter Veil
4939, Kalimdor
11732, Legion
8958, Draenor Raid
9205, Draenor Garrison
8219, Archaeology
9096, Draenor Garrison
8925, Draenor
4940, Kalimdor
12074, Legion
454, Player vs. Player
9444, Raids
3138, Raids
8057, Pandaria Raid
8094, Pandaria Raid
6884, Dungeons
1189, Outland
6980, Temple of Kotmogu
3918, Lich King Raid
843, Outland
6913, Dungeons
8230, Archaeology
8894, Dungeons
1269, Northrend
9389, Love is in the Air
9244, Draenor Garrison
8716, Pandaria
444, Player vs. Player
6905, Dungeons
10074, Draenor
12026, Legion
2912, Raids
8226, Archaeology
6933, Pandaria Raid
8060, Pandaria Raid
5306, Cataclysm Raid
6904, Dungeons
8939, Draenor
5768, Cataclysm Dungeon
2962, Raids
5321, Cataclysm
10260, Draenor
10255, Draenor Garrison
11918, Darkmoon Faire
1423, Feats of Strength
2985, Raids
6920, Dungeons
2969, Raids
9715, Ashran
2783, Argent Tournament
11653, Legion
5288, Cataclysm Dungeon
7535, Legacy
4961, Cataclysm
13749, Battle for Azeroth
615, Player vs. Player
10704, Legion Raid
7232, Pandaria Scenarios
865, Outland
9220, Ashran
8310, Pandaria Scenarios
9004, Dungeons
1310, Player vs. Player
11786, Legion Raid
1722, Wintergrasp
4298, Lich King Dungeon
34, Northrend
8871, Dungeons
11282, Midsummer
3579, Pilgrim's Bounty
8013, Pandaria Scenarios
7939, Legacy
7310, Pandaria
4825, Cataclysm
13785, Raids
4928, Kalimdor
10561, Player vs. Player
12490, Battle Dungeon
761, Eastern Kingdoms
134, Professions
7941, Legacy
6896, Dungeons
13780, Dungeons
2150, Lich King Dungeon
8974, Draenor Raid
7301, Cooking
450, Player vs. Player
8061, Pandaria Raid
4535, Lich King Raid
8232, Archaeology
10036, Draenor Garrison
8875, Dungeons
4897, Eastern Kingdoms
9082, Draenor Dungeon
6907, Dungeons
4894, Eastern Kingdoms
7326, Cooking
8316, Pandaria Scenarios
1777, Cooking
8312, Pandaria Scenarios
8466, Pandaria Raid
1265, Northrend
10163, Draenor Garrison
8878, Dungeons
9764, Darkmoon Faire
1264, Northrend
2781, Argent Tournament
8679, Pandaria Raid
14026, Battle Raid
2147, Lich King Raid
13752, Battle for Azeroth
13439, World
2180, Lich King Raid
10991, Player vs. Player
6837, Archaeology
8899, Dungeons
1702, Love is in the Air
3802, Lich King Dungeon
674, The Burning Crusade
714, Player vs. Player
3846, Isle of Conquest
8104, Pandaria
214, Eye of the Storm
11433, Legion Dungeon
1162, Arena
9441, Raids
1268, Northrend
8318, Pandaria Scenarios
11580, Raids
1875, Lich King Raid
12030, Legion Raid
247, Player vs. Player
6894, Dungeons
7536, Legacy
8997, Dungeons
8089, Raids
6060, Events
5810, Cataclysm Raid
13747, Battle for Azeroth
7293, Pandaria
9392, Love is in the Air
11725, Fishing
6891, Dungeons
4901, Eastern Kingdoms
13110, Island Expeditions
10073, Draenor Raid
2946, Raids
9498, Draenor Garrison
6973, Temple of Kotmogu
5511, Archaeology
3812, Lich King Raid
2773, Argent Tournament
626, Lunar Festival
10155, Draenor Garrison
9140, Draenor Garrison
2938, Raids
8031, Legacy
6378, Dungeons
4900, Eastern Kingdoms
11563, Legacy
847, Kalimdor
8008, Legacy
8730, Pandaria
11426, Legion Raid
5319, Cataclysm
12350, Lich King Raid
9143, Draenor Garrison
9000, Dungeons
6687, Pandaria Raid
3118, Raids
4611, Lich King Raid
2796, Brewfest
11335, Legion Dungeon
8337, Legacy
10021, Legacy
2948, Raids
6887, Dungeons
12744, Cooking
2758, Argent Tournament
13790, Battle for Azeroth
2984, Raids
9162, Draenor Garrison
5325, Rated Battleground
9203, Draenor Garrison
9393, Love is in the Air
7300, Cooking
9208, Draenor Garrison
8448, Pandaria Raid
863, Outland
6919, Dungeons
4404, Lich King Raid
8887, Dungeons
725, Raids
10456, Legion Dungeon
8220, Archaeology
211, Eye of the Storm
7949, Legacy
389, Player vs. Player
9204, Draenor Garrison
12587, Battle Raid
6916, Dungeons
2784, Argent Tournament
8333, Deepwind Gorge
1870, Lich King Raid
10172, Draenor Garrison
7257, Pandaria Scenarios
8718, Pandaria
6975, Pandaria
9513, Draenor Garrison
13135, Island Expeditions
558, Legacy
6901, Dungeons
13765, Battle for Azeroth
6721, Pandaria Raid
10588, Professions
408, Arena
2888, Raids
2358, Legacy
6938, Player vs. Player
3296, Cooking
2780, Argent Tournament
841, Eastern Kingdoms
8238, Raids
8467, Pandaria Raid
864, Outland
905, Fishing
11278, Midsummer
4580, Lich King Raid
8919, Draenor
12597, Island Expeditions
906, Cooking
36, Northrend
4896, Eastern Kingdoms
4854, Archaeology
16,"Series([], )"
2778, Argent Tournament
4583, Lich King Raid
9486, Draenor
4958, Quests
8948, Draenor Raid
3676, Argent Tournament
1637, Events
7285, Pandaria
11276, Midsummer
4905, Eastern Kingdoms
8530, Pandaria Raid
12758, Fishing
7485, Raids
7533, Legacy
4910, Eastern Kingdoms
1420, Feats of Strength
442, Player vs. Player
12139, Mounts
10168, Draenor Garrison
9001, Dungeons
7056, Pandaria Raid
5309, Cataclysm Raid
12312, Lich King Raid
8883, Dungeons
1700, Love is in the Air
8109, Pandaria
12314, Lich King Raid
9427, World Events
11703, Legion Dungeon
9109, Draenor Garrison
859, Eastern Kingdoms
11565, Legacy
5390, Feats of Strength
1409, Feats of Strength
4578, Lich King Raid
8879, Dungeons
4585, Wintergrasp
10160, Draenor Garrison
11470, Player vs. Player
10592, Cooking
288, Hallow's End
12760, Archaeology
11256, Legion
842, Kalimdor
12535, Raids
10398, Legion
9409, Archaeology
4786, Events
13340, Midsummer
8521, Pandaria Raid
1791, Children's Week
4906, Eastern Kingdoms
12746, Cooking
10993, Player vs. Player
13387, World
1797, Cooking
9680, Raids
861, Kalimdor
4892, Eastern Kingdoms
9095, Draenor Garrison
13399, Island Expeditions
10607, Archaeology
4841, Cataclysm Dungeon
981, Hallow's End
13440, Battle for Azeroth
3853, Isle of Conquest
4938, Kalimdor
11277, Midsummer
13129, Island Expeditions
8072, Pandaria Raid
12103, Legion
7438, Pandaria
3836, Wintergrasp
8224, Archaeology
6930, Pandaria Scenarios
292, Hallow's End
7275, Pandaria Scenarios
12335, Lich King Raid
4887, Events
9642, Legacy
6941, Rated Battleground
8463, Pandaria Raid
5327, Rated Battleground
2116, Events
607, Lunar Festival
9493, Draenor Dungeon
1638, The Burning Crusade
433, Player vs. Player
8940, Draenor
9551, Draenor Dungeon
851, Kalimdor
10170, Draenor Garrison
677, The Burning Crusade
9243, Draenor Garrison
8976, Draenor Raid
9246, Draenor Garrison
8532, Pandaria Raid
10261, Draenor
12397, Lich King Raid
8933, Draenor Garrison
9897, Draenor Garrison
9785, Darkmoon Faire
5342, Rated Battleground
451, Player vs. Player
5120, Cataclysm Raid
6300, Pandaria
850, Kalimdor
8937, Draenor
13191, Brawler's Guild
5254, Battle for Gilneas
13924, Battle for Azeroth
9538, Draenor Garrison
9236, Player vs. Player
39, Northrend
8077, Pandaria Raid
10611, Legion Dungeon
1706, Events
9169, Legacy
6976, Pandaria
11125, Legion
9394, Love is in the Air
4621, Lich King Raid
14051, Battle Raid
6181, Raids
2953, Raids
8923, Draenor
4538, Lich King Raid
9901, Draenor Garrison
12362, Lich King Raid
9928, Draenor Garrison
6396, Pandaria Dungeon
3996, Lich King Raid
8450, Player vs. Player
1999, Cooking
12327, Lich King Raid
7534, Legacy
10045, Raids
6910, Dungeons
11566, Legacy
5228, Twin Peaks
9172, Legacy
2947, Raids
13284, Battle for Azeroth
13836, Battle for Azeroth
3797, Lich King Raid
7267, Pandaria Scenarios
726, Fishing
10995, Player vs. Player
9252, Darkmoon Faire
866, Outland
1267, Northrend
1695, Love is in the Air
9790, Darkmoon Faire
12755, Fishing
10084, Draenor Dungeon
14155, Battle for Azeroth
6722, Pandaria Raid
11941, Legion
9512, Draenor Garrison
7502, Pandaria
12340, Lich King Raid
12854, Battle Dungeon
10162, Draenor Garrison
2418, Noblegarden
2148, Lich King Raid
428, Raids
5117, Cataclysm Raid
4600, Mounts
1410, Feats of Strength
1418, Feats of Strength
4857, Archaeology
5065, Cataclysm Dungeon
12360, Lich King Raid
9503, Fishing
10161, Draenor Garrison
6084, Cataclysm Raid
5230, Twin Peaks
5384, Feats of Strength
8845, Draenor
4851, Cataclysm Raid
4899, Eastern Kingdoms
9170, Legacy
13958, Mounts
10148, Legacy
781, Eastern Kingdoms
6743, Feats of Strength
4630, Lich King Raid
8071, Pandaria Raid
1836, Fishing
6719, Pandaria Raid
10992, Player vs. Player
8260, Raids
2676, Noblegarden
1293, Events
8461, Pandaria Raid
10090, Player vs. Player
438, Player vs. Player
8038, Pandaria Raid
485, Lich King Dungeon
11564, Legacy
9500, Cooking
7940, Legacy
6107, Cataclysm Raid
4599, Player vs. Player
6029, Darkmoon Faire
4864, Cataclysm
14156, Battle for Azeroth
1796, Cooking
416, Mounts
12407, Seething Shore
2190, Player vs. Player
10094, Player vs. Player
2089, Currencies
574, Lich King Raid
9164, Draenor Garrison
225, Alterac Valley
1426, Feats of Strength
2417, Noblegarden
4818, Lich King Raid
8459, Pandaria Raid
9781, Darkmoon Faire
9152, Draenor Garrison
6969, Pandaria
8335, Legacy
9989, Draenor Raid
6332, Darkmoon Faire
5083, Cataclysm Dungeon
5093, Cataclysm Dungeon
6365, Cooking
9173, Legacy
12429, Eastern Kingdoms
8073, Pandaria Raid
10017, Draenor Garrison
10082, Draenor Dungeon
13746, Battle for Azeroth
10589, Cooking
13189, Brawler's Guild
5762, Cataclysm Dungeon
6478, Pandaria Dungeon
4782, Events
10076, Draenor Dungeon
10745, Legion Class Hall
10159, Draenor Garrison
9780, Darkmoon Faire
7294, Pandaria
9769, Darkmoon Faire
9206, Draenor Garrison
687, Classic
8642, Player vs. Player
4407, Lich King Raid
5324, Rated Battleground
8641, Player vs. Player
8030, Legacy
482, Lich King Dungeon
8342, Legacy
908, Player vs. Player
10596, Fishing
12859, World
6954, Raids
854, Kalimdor
5332, Rated Battleground
4922, Archaeology
4581, Lich King Raid
11010, Player vs. Player
4405, Lich King Raid
5452, Cataclysm
6720, Pandaria Raid
9217, Ashran
127, Fishing
12384, Lich King Raid
12368, Lich King Raid
13283, Battle for Azeroth
129, Fishing
306, Fishing
13731, Battle Raid
8982, Draenor Raid
1703, Love is in the Air
675, The Burning Crusade
1721, Wintergrasp
6749, Feats of Strength
12367, Lich King Raid
8462, Pandaria Raid
11133, Legion
6750, Feats of Strength
9223, Draenor Dungeon
2357, Legacy
5394, Feats of Strength
8698, Events
8400, Raids
11191, Raids
436, Player vs. Player
676, The Burning Crusade
5356, Rated Battleground
11468, Player vs. Player
3142, Raids
6174, Cataclysm Raid
4629, Lich King Raid
13388, World
11338, Legion Dungeon
4871, Cataclysm
9641, Legacy
736, Kalimdor
3036, Raids
10092, Player vs. Player
8941, Draenor
10087, Draenor Raid
13700, Battle for Azeroth
13417, Battle Raid
6539, Pandaria
9534, Draenor
8338, Legacy
9229, Mounts
1417, Feats of Strength
568, Lich King Raid
201, Warsong Gulch
9511, Draenor Garrison
12879, War Effort
3096, Mounts
12342, Lich King Raid
13403, World
5389, Feats of Strength
1408, Feats of Strength
13744, Battle for Azeroth
9517, Draenor Garrison
2084, Collections
943, Reputation
9510, Draenor Garrison
5393, Feats of Strength
5107, Cataclysm Raid
12008, Legion Dungeon
13342, Midsummer
10079, Draenor Dungeon
12323, Lich King Raid
9423, Draenor Raid
12087, Battle for Azeroth
9988, Draenor Raid
128, Fishing
878, Fishing
1958, Fishing
11297, Legacy
162, Arathi Basin
1243, Fishing
9174, Legacy
4980, Kalimdor
9806, Darkmoon Faire
8980, Draenor Raid
11572, Legacy
9407, Draenor Garrison
10772, Legion Raid
13323, Raids
4623, Raids
10600, Archaeology
1424, Feats of Strength
566, Lich King Raid
5334, Rated Battleground
124, Cooking
6106, Cataclysm Raid
9792, Darkmoon Faire
3136, Wintergrasp
7996, Pandaria
14052, Battle Raid
12858, World
13709, Battle for Azeroth
8723, Pandaria
10038, Draenor Raid
8458, Pandaria Raid
13190, Brawler's Guild
11192, Raids
4582, Lich King Raid
9714, Ashran
1292, Events
7932, Pandaria
9972, Draenor Raid
13263, Battle for Azeroth
8248, Raids
4537, Lich King Raid
9620, Dungeons
9171, Legacy
770, Eastern Kingdoms
2886, Raids
447, Player vs. Player
10012, Draenor Raid
13930, Alterac Valley
7318, Pandaria
6002, Player vs. Player
8485, Player vs. Player
4607, Lich King Raid
13545, Battle Dungeon
12759, Fishing
2890, Raids
3813, Lich King Raid
4827, Cataclysm
4521, Lich King Dungeon
9516, Draenor Garrison
406, Player vs. Player
9627, Dungeons
13030, Battle for Azeroth
9809, Darkmoon Faire
8432, Dungeons
9426, World Events
469, Player vs. Player
5121, Cataclysm Raid
5343, Rated Battleground
7296, Pandaria
9175, Legacy
12315, Lich King Raid
802, Eastern Kingdoms
11001, Mounts
765, Eastern Kingdoms
8924, Draenor
682, The Burning Crusade
6723, Pandaria Raid
13773, Heart of Azeroth
6718, Pandaria Raid
435, Player vs. Player
6524, Feats of Strength
769, Eastern Kingdoms
432, Raids
5108, Cataclysm Raid
6045, Tol Barad
5119, Cataclysm Raid
3756, Mounts
14046, Battle Raid
849, Kalimdor
779, Eastern Kingdoms
5116, Cataclysm Raid
10877, Legion
3936, Lich King Raid
3798, Lich King Raid
3799, Lich King Raid
606, Lunar Festival
7486, Raids
6108, Tol Barad
11693, Player vs. Player
9529, Draenor
125, Cooking
9885, Darkmoon Faire
14055, Battle Raid
9799, Darkmoon Faire
4921, Archaeology
9105, Ashran
8246, Raids
4893, Eastern Kingdoms
9654, Draenor
2088, Currencies
9176, Legacy
4606, Lich King Raid
1186, World Events
10743, Legion Class Hall
9524, Draenor Garrison
978, Quests
10091, Player vs. Player
13435, Battle for Azeroth
4923, Archaeology
14050, Battle Raid
13743, Battle for Azeroth
6479, Pandaria Dungeon
4996, Kalimdor
14049, Battle Raid
10013, Draenor Raid
10080, Draenor Dungeon
12332, Lich King Raid
11217, Legion Class Hall
1164, Alterac Valley
13017, Battle for Azeroth
4920, Archaeology
763, The Burning Crusade
9813, Darkmoon Faire
5331, Rated Battleground
1259, Warsong Gulch
871, Reputation
6059, Events
159, Arathi Basin
4605, Lich King Raid
547, Northrend
11544, Legion
856, Kalimdor
8437, Dungeons
8484, Player vs. Player
5333, Rated Battleground
9168, Legacy
8070, Pandaria Raid
11560, Legacy
12065, Legion Raid
429, Raids
846, Kalimdor
9800, Darkmoon Faire
1834, Lich King Dungeon
13101, Island Expeditions
5518, Cataclysm
10750, Legion Class Hall
6177, Cataclysm Raid
562, Lich King Raid
9786, Darkmoon Faire
4579, Lich King Raid
5330, Rated Battleground
8381, Player vs. Player
10088, Player vs. Player
6970, Temple of Kotmogu
10601, Archaeology
1416, Feats of Strength
9443, Raids
8717, Pandaria
5412, Tol Barad
9812, Darkmoon Faire
5337, Rated Battleground
876, Arena
6553, Pandaria Raid
8961, Draenor Raid
11692, Player vs. Player
772, Eastern Kingdoms
8988, Draenor Raid
11002, Mounts
3917, Lich King Raid
2456, Events
5821, Cataclysm Raid
1561, Fishing
4536, Lich King Raid
8963, Draenor Raid
11000, Mounts
9519, Draenor Garrison
771, Eastern Kingdoms
9797, Darkmoon Faire
11561, Legacy
564, Lich King Raid
8099, Pandaria
13343, Midsummer
572, Lich King Raid
13928, Alterac Valley
6114, Cataclysm Raid
13730, Battle Raid
12346, Lich King Raid
10348, Draenor
9725, Player vs. Player
9783, Darkmoon Faire
8355, Battlegrounds
5322, Rated Battleground
692, The Burning Crusade
6979, Pandaria
10146, Mounts
8339, Legacy
9815, Darkmoon Faire
8926, Draenor
5336, Rated Battleground
9794, Darkmoon Faire
13186, Brawler's Guild
9518, Draenor Garrison
11138, Professions
4586, Wintergrasp
12046, Legion Raid
8984, Draenor Raid
8962, Draenor Raid
9521, Draenor Garrison
3815, Lich King Raid
5118, Cataclysm Raid
11691, Player vs. Player
6485, Pandaria Dungeon
9663, Draenor
3916, Lich King Raid
1936, Brewfest
11377, Legion Raid
5252, Battle for Gilneas
12550, Battle Dungeon
13748, Battle for Azeroth
8439, Dungeons
12757, Fishing
9251, Darkmoon Faire
4903, Eastern Kingdoms
9515, Draenor Garrison
4916, Cooking
9807, Darkmoon Faire
12109, Player vs. Player
11687, Player vs. Player
14069, Raids
728, Kalimdor
8433, Dungeons
396, Player vs. Player
10083, Draenor Dungeon
9165, Draenor Garrison
13097, Island Expeditions
11139, Professions
448, Player vs. Player
10033, Draenor Raid
4534, Lich King Raid
2977, Raids
8401, Raids
9218, Ashran
4577, Lich King Raid
9514, Draenor Garrison
9211, Draenor Garrison
5349, Rated Battleground
10085, Draenor Dungeon
13299, Battle Raid
7325, Cooking
886, Mounts
7995, Pandaria
13772, Heart of Azeroth
12997, Battle for Azeroth
11280, Midsummer
12742, Cooking
5298, Cataclysm Dungeon
10751, Events
10037, Draenor Raid
1576, Quests
6762, Pandaria Dungeon
431, Raids
6061, Events
13745, Battle for Azeroth
9212, Draenor Garrison
1205, Reputation
9674, Draenor
3137, Wintergrasp
12743, Cooking
464, Feats of Strength
10595, Fishing
126, Fishing
11201, Events
11232, Legion
782, Eastern Kingdoms
11690, Player vs. Player
4917, Fishing
4995, Eastern Kingdoms
9640, Legacy
1560, Fishing
10761, Professions
909, Player vs. Player
9219, Ashran
11686, Player vs. Player
12719, Battle for Azeroth
13188, Brawler's Guild
473, Player vs. Player
2336, Reputation
13579, Island Expeditions
11394, Legion Raid
654, The Burning Crusade
10169, Draenor Garrison
13791, Battle for Azeroth
8431, Dungeons
6116, Cataclysm Raid
939, Outland
289, Hallow's End
9238, Player vs. Player
6839, Fishing
12567, Player vs. Player
1705, Events
6827, Pandaria
10081, Draenor Dungeon
1405, Feats of Strength
8671, Draenor
1792, Children's Week
12481, Battle for Azeroth
8987, Draenor Raid
5451, Cataclysm
7950, Legacy
4816, Lich King Raid
2970, Raids
11581, Raids
8705, Mounts
12891, Battle for Azeroth
12761, Archaeology
9819, Darkmoon Faire
13192, Brawler's Guild
9811, Darkmoon Faire
5345, Rated Battleground
9787, Darkmoon Faire
12479, Battle for Azeroth
7274, Fishing
10027, Draenor Raid
643, Classic
9801, Darkmoon Faire
6977, Pandaria
2892, Raids
4628, Lich King Raid
857, Kalimdor
13082, Battle for Azeroth
9139, Draenor Garrison
8434, Dungeons
5830, Cataclysm Raid
11913, Events
5348, Rated Battleground
6688, Pandaria Dungeon
750, Kalimdor
13441, Battle for Azeroth
9770, Darkmoon Faire
9626, Dungeons
10137, Mounts
12753, Fishing
13042, Battle for Azeroth
5109, Cataclysm Raid
4519, Lich King Dungeon
426, Raids
4604, Lich King Raid
11579, Player vs. Player
9055, Draenor Dungeon
8949, Draenor Raid
2149, Lich King Raid
9817, Darkmoon Faire
13383, Battle Raid
8938, Draenor
11685, Player vs. Player
11570, Brawler's Guild
565, Lich King Raid
5094, Cataclysm Raid
669, The Burning Crusade
940, Eastern Kingdoms
12137, Player vs. Player
9766, Darkmoon Faire
9756, Darkmoon Faire
33, Northrend
13398, Island Expeditions
627, Eastern Kingdoms
671, The Burning Crusade
441, Player vs. Player
9983, Darkmoon Faire
2079, Events
698, The Burning Crusade
122, Cooking
8382, Player vs. Player
1862, Lich King Dungeon
6003, Mounts
1873, Lich King Dungeon
6741, Mounts
2316, Mounts
6760, Pandaria Dungeon
13314, Battle Raid
10026, Draenor Raid
9177, Legacy
5338, Rated Battleground
13647, Player vs. Player
12108, Player vs. Player
2496, Raids
13624, Battle Dungeon
5347, Rated Battleground
14045, Battle Raid
9805, Darkmoon Faire
12886, War Effort
4597, Lich King Raid
8436, Dungeons
4632, Lich King Raid
463, Feats of Strength
694, The Burning Crusade
1177, Character
848, Kalimdor
5335, Rated Battleground
9615, Draenor
467, Feats of Strength
12336, Lich King Raid
13418, Raids
6942, Rated Battleground
656, The Burning Crusade
8438, Dungeons
5352, Rated Battleground
9207, Draenor Garrison
853, Kalimdor
4631, Lich King Raid
6112, Cataclysm Raid
5839, Raids
3837, Wintergrasp
12961, Player vs. Player
9795, Darkmoon Faire
10025, Draenor Raid
2756, Argent Tournament
768, Eastern Kingdoms
10742, Legion Raid
121, Cooking
13300, Battle Raid
11195, Raids
13312, Battle Raid
659, The Burning Crusade
11398, Legion Raid
12111, Raids
11472, Player vs. Player
10824, Legion Raid
13311, Battle Raid
13113, Island Expeditions
9759, Darkmoon Faire
5346, Rated Battleground
14054, Battle Raid
13478, Battle for Azeroth
8451, Player vs. Player
12591, Island Expeditions
10667, Legion
13116, Island Expeditions
8960, Draenor Raid
9623, Dungeons
569, Lich King Raid
6873, Feats of Strength
700, Player vs. Player
11173, Legion Class Hall
8216, Mounts
13395, Island Expeditions
10668, Legion
11694, Player vs. Player
1309, Player vs. Player
6115, Cataclysm Raid
6113, Cataclysm Raid
766, Eastern Kingdoms
9102, Ashran
9826, Draenor Garrison
6111, Cataclysm Raid
13632, Mounts
13450, Mounts
8964, Draenor Raid
5323, Rated Battleground
10095, Player vs. Player
9793, Darkmoon Faire
9145, Draenor Garrison
13046, Battle for Azeroth
13967, Player vs. Player
10253, Draenor Raid
8903, Dungeons
5539, Currencies
778, Eastern Kingdoms
2978, Raids
5003, Feats of Strength
6124, Player vs. Player
10997, Player vs. Player
12533, Battle Raid
5340, Rated Battleground
10606, Archaeology
13109, Island Expeditions
887, Mounts
13710, Battle for Azeroth
11469, Player vs. Player
4613, Lich King Raid
12594, Island Expeditions
6110, Cataclysm Raid
8535, Pandaria Raid
6118, Cataclysm Dungeon
6978, Pandaria
9234, Player vs. Player
888, Mounts
9098, Draenor Garrison
6022, Darkmoon Faire
5350, Rated Battleground
13775, Heart of Azeroth
457, Feats of Strength
12200, Player vs. Player
9622, Dungeons
6747, Feats of Strength
575, Lich King Raid
13733, Battle Raid
10040, Draenor Raid
8354, Battlegrounds
12110, Raids
5122, Cataclysm Raid
844, Kalimdor
8069, Pandaria Raid
8965, Draenor Raid
12181, Player vs. Player
6829, Feats of Strength
13732, Battle Raid
11996, Legion Raid
4998, Feats of Strength
2157, Lich King Dungeon
10035, Draenor Raid
623, Lich King Raid
4863, Cataclysm
5267, Arena
8430, Dungeons
5802, Cataclysm Raid
9476, Draenor
407, Player vs. Player
11430, Legion Dungeon
5115, Cataclysm Raid
12529, Battle Raid
5339, Rated Battleground
9606, Draenor
13058, Battle for Azeroth
13553, Battle for Azeroth
12140, Mounts
12031, Player vs. Player
9760, Darkmoon Faire
466, Feats of Strength
10825, Legion Raid
10041, Draenor Raid
1559, Fishing
9803, Darkmoon Faire
773, Eastern Kingdoms
3937, Lich King Raid
10039, Draenor Raid
13645, Battle for Azeroth
7039, Silvershard Mines
11683, Legion Raid
4635, Lich King Raid
10042, Draenor Raid
2086, Currencies
11471, Player vs. Player
12527, Battle Raid
9639, Draenor Garrison
11689, Player vs. Player
10020, Draenor Raid
701, Player vs. Player
567, Lich King Raid
13105, Island Expeditions
5540, Currencies
12199, Player vs. Player
12416, Legion
4833, Cataclysm Dungeon
13702, Honor
10822, Legion Raid
5355, Rated Battleground
712, Warsong Gulch
2042, Lich King Dungeon
10827, Legion Raid
8986, Draenor Raid
5123, Cataclysm Raid
11688, Player vs. Player
434, Player vs. Player
13633, Battle Raid
11194, Raids
10797, Legion Dungeon
4999, Feats of Strength
10594, Fishing
461, Feats of Strength
2181, Lich King Raid
690, The Burning Crusade
223, Alterac Valley
13416, Battle Raid
4620, Lich King Raid
685, Classic
695, The Burning Crusade
7057, Silvershard Mines
938, Northrend
845, Kalimdor
425, Raids
9473, Ashran
710, Arathi Basin
7487, Raids
5357, Rated Battleground
10842, Legion Raid
6746, Feats of Strength
13784, Raids
622, Lich King Raid
11781, Legion Raid
233, Eye of the Storm
4397, Lich King Raid
573, Lich King Raid
499, Lich King Dungeon
10840, Legion Raid
10823, Legion Raid
10821, Legion Raid
1837, Fishing
3037, Raids
775, Eastern Kingdoms
8966, Draenor Raid
11874, Raids
9624, Dungeons
8956, Draenor Raid
13049, Battle for Azeroth
4612, Lich King Raid
5351, Rated Battleground
10678, Legion Raid
9528, Draenor
4617, Lich King Raid
10023, Draenor Raid
12000, Legion Raid
1307, Dungeons
5268, Rated Battleground
12399, Lich King Raid
5002, Feats of Strength
5391, Feats of Strength
5803, Cataclysm Raid
9520, Draenor Garrison
13289, Battle Raid
11009, Player vs. Player
11005, Player vs. Player
1727, Wintergrasp
4633, Lich King Raid
11788, Legion Raid
1636, Events
2087, Currencies
12480, Battle for Azeroth
5359, Rated Battleground
776, Eastern Kingdoms
404, Player vs. Player
10034, Draenor Raid
14048, Battle Raid
10774, Legion
9605, Draenor
5341, Rated Battleground
5813, Cataclysm Raid
6109, Cataclysm Raid
6523, Feats of Strength
13512, Battle for Azeroth
11702, Legion Dungeon
465, Feats of Strength
12337, Lich King Raid
774, Eastern Kingdoms
13466, Battle for Azeroth
9522, Draenor Garrison
6748, Feats of Strength
5807, Cataclysm Raid
4634, Lich King Raid
13313, Battle Raid
5007, Feats of Strength
10597, Fishing
10845, Legion Raid
11778, Legion Raid
12430, Eastern Kingdoms
5210, Twin Peaks
5008, Feats of Strength
12032, Player vs. Player
5354, Rated Battleground
7292, Pandaria
5382, Feats of Strength
12568, Player vs. Player
9142, Draenor Garrison
875, Arena
5804, Cataclysm Raid
8028, Pandaria Raid
11774, Legion Raid
8971, Draenor Raid
4616, Lich King Raid
10043, Draenor Raid
5001, Feats of Strength
13053, Battle for Azeroth
4619, Lich King Raid
9046, Draenor Dungeon
8970, Draenor Raid
855, Kalimdor
12182, Player vs. Player
10024, Draenor Raid
13295, Battle Raid
497, Lich King Dungeon
10032, Draenor Raid
13735, War Effort
12180, Player vs. Player
8967, Draenor Raid
1402, Feats of Strength
12345, Lich King Raid
207, Warsong Gulch
10019, Draenor Raid
13583, Island Expeditions
10826, Legion Raid
1463, Feats of Strength
2058, Lich King Dungeon
10998, Player vs. Player
11790, Legion Raid
12348, Lich King Raid
11396, Legion Raid
459, Feats of Strength
6845, Pandaria Raid
9053, Draenor Dungeon
2889, Raids
1867, Lich King Dungeon
398, Arena
13676, Player vs. Player
12324, Lich King Raid
8991, Draenor Raid
9915, Events
11997, Legion Raid
5805, Cataclysm Raid
10843, Legion Raid
8973, Draenor Raid
2476, Wintergrasp
13078, Feats of Strength
10999, Mounts
1161, Player vs. Player
11998, Legion Raid
11218, Dungeons
13298, Battle Raid
12404, Seething Shore
9052, Draenor Dungeon
6028, Darkmoon Faire
1400, Feats of Strength
12136, Player vs. Player
10848, Legion Raid
12411, Seething Shore
14191, Player vs. Player
9215, Player vs. Player
13414, Battle Raid
689, Classic
10775, Legion Dungeon
686, Classic
4610, Lich King Raid
460, Feats of Strength
11160, Legion Raid
11789, Legion Raid
490, Lich King Dungeon
458, Feats of Strength
2891, Raids
1407, Feats of Strength
5005, Feats of Strength
8969, Draenor Raid
8206, Pandaria
9228, Ashran
6761, Pandaria Dungeon
8992, Draenor Raid
12333, Lich King Raid
11992, Legion Raid
11776, Legion Raid
10089, Player vs. Player
4615, Lich King Raid
9233, Player vs. Player
868, Eastern Kingdoms
5769, Cataclysm Dungeon
123, Cooking
1717, Wintergrasp
8989, Draenor Raid
9425, Draenor Raid
10847, Legion Raid
462, Feats of Strength
12530, Battle Raid
10093, Player vs. Player
6745, Feats of Strength
9405, Draenor Garrison
12572, World
11610, Expansion Features
13727, Battle Raid
9621, Dungeons
12129, Legion Raid
456, Feats of Strength
13402, World
5809, Cataclysm Raid
10177, Draenor Garrison
6131, Events
11779, Legion Raid
12532, Battle Raid
563, Lich King Raid
4959, Cataclysm
13635, Battle for Azeroth
8968, Draenor Raid
12313, Lich King Raid
9047, Draenor Dungeon
13083, Battle for Azeroth
13212, Player vs. Player
12526, Battle Raid
9625, Dungeons
11993, Legion Raid
8990, Draenor Raid
7853, Events
9049, Draenor Dungeon
696, The Burning Crusade
11578, Player vs. Player
13729, Battle Raid
1737, Wintergrasp
5806, Cataclysm Raid
10749, Legion Class Hall
9406, Draenor Garrison
11181, Legion Dungeon
12007, Legion Dungeon
6751, Feats of Strength
12754, Fishing
5808, Cataclysm Raid
642, Classic
8932, Draenor Raid
12001, Legion Raid
10819, Legion Raid
12531, Battle Raid
13322, Raids
9106, Ashran
6752, Feats of Strength
11990, Legion Raid
11767, Legion Raid
12509, Battle for Azeroth
6458, Pandaria Raid
11780, Legion Raid
8972, Draenor Raid
295, Brewfest
4919, Archaeology
11994, Legion Raid
10844, Legion Raid
11787, Legion Raid
8123, Pandaria Raid
4622, Lich King Raid
12318, Lich King Raid
2091, Arena
11999, Legion Raid
449, Player vs. Player
1558, Fishing
5215, Twin Peaks
4886, Cataclysm
9043, Draenor Dungeon
11296, Legacy
13293, Battle Raid
8533, Raids
12473, Battle for Azeroth
6027, Darkmoon Faire
13045, Battle for Azeroth
4960, Cataclysm
11697, Player vs. Player
693, The Burning Crusade
5004, Feats of Strength
13465, Player vs. Player
6322, Mounts
12960, Player vs. Player
5000, Feats of Strength
4584, Lich King Raid
10071, Draenor Raid
10846, Legion Raid
13989, Player vs. Player
8209, Pandaria
14043, Battle Raid
10849, Legion Raid
9250, Darkmoon Faire
13202, Mounts
10627, Legion
6844, Pandaria Raid
12090, Player vs. Player
12405, Seething Shore
10741, Events
11989, Legion Raid
13288, Battle Raid
4614, Lich King Raid
5229, Twin Peaks
11224, Feats of Strength
9054, Draenor Dungeon
11735, Legion
13719, Battle Raid
666, The Burning Crusade
11222, Legion Class Hall
13384, Battle for Azeroth
901, The Burning Crusade
12317, Lich King Raid
12524, Battle Raid
9546, Draenor Garrison
13451, Player vs. Player
10803, Legion Dungeon
10829, Legion Raid
10773, Legion Dungeon
11340, Legion
5788, Reputation
11731, Legion
713, Warsong Gulch
1795, Cooking
2887, Raids
505, Quests
12496, Battle for Azeroth
10837, Legion Raid
13290, Battle Raid
13096, Island Expeditions
6689, Pandaria Raid
5533, Events
1557, Fishing
8844, Draenor Dungeon
11777, Legion Raid
3259, Feats of Strength
652, The Burning Crusade
13925, Battle for Azeroth
13397, Island Expeditions
3117, Feats of Strength
12372, Lich King Raid
13291, Battle Raid
5269, Rated Battleground
11775, Legion Raid
10839, Legion Raid
10838, Legion Raid
12363, Lich King Raid
11008, Player vs. Player
6744, Feats of Strength
10789, Legion Dungeon
273, Winter Veil
10460, Legion Class Hall
12198, Player vs. Player
12077, Legion
1159, Arena
2085, Currencies
636, Classic
10793, Legion
640, Classic
11397, Legion Raid
5006, Feats of Strength
263, Midsummer
708, Alterac Valley
4902, Eastern Kingdoms
658, The Burning Crusade
972, Hallow's End
605, Lunar Festival
655, The Burning Crusade
11995, Legion Raid
13964, Player vs. Player
653, The Burning Crusade
3164, Raids
13093, Mounts
8678, Mounts
12344, Lich King Raid
12388, Lich King Raid
852, Kalimdor
13108, Island Expeditions
12536, Raids
648, The Burning Crusade
11298, Legion Class Hall
13467, Battle for Azeroth
5353, Rated Battleground
11611, Expansion Features
13634, Player vs. Player
12857, World
14066, Visions of N'Zoth
13292, Battle Raid
10058, Events
11861, Battle for Azeroth
11991, Legion Raid
13100, Island Expeditions
1876, Lich King Raid
279, Winter Veil
13578, Island Expeditions
12478, Battle for Azeroth
12959, Player vs. Player
10850, Legion Raid
13394, Island Expeditions
10782, Legion Dungeon
12888, War Effort
12319, Lich King Raid
697, The Burning Crusade
10756, Legion
12850, Events
12326, Lich King Raid
400, Arena
13737, War Effort
645, Classic
13104, Island Expeditions
9755, Darkmoon Faire
11868, Battle for Azeroth
13302, War Effort
12002, Legion Raid
10591, Cooking
13704, Battle for Azeroth
10461, Legion Class Hall
13286, Battle Raid
629, Classic
10458, Legion Dungeon
13199, Player vs. Player
8205, Pandaria
1556, Fishing
9126, Draenor Garrison
650, The Burning Crusade
13642, Player vs. Player
13203, Player vs. Player
13726, Battle Raid
10617, Legion
13056, Professions
678, The Burning Crusade
11429, Legion Dungeon
12135, Player vs. Player
647, The Burning Crusade
10818, Legion Raid
10800, Legion Dungeon
5541, Currencies
1160, Arena
12510, Battle for Azeroth
403, Arena
11559, Brawler's Guild
11612, Expansion Features
681, The Burning Crusade
12073, Legion
13205, Player vs. Player
2092, Arena
10816, Legion Dungeon
401, Arena
12948, Battle for Azeroth
483, Lich King Dungeon
13209, Player vs. Player
11200, Events
12873, War Effort
5061, Cataclysm Dungeon
9475, Draenor
12877, War Effort
13582, Island Expeditions
632, Classic
10801, Legion Dungeon
6759, Pandaria Dungeon
9727, Draenor
780, Eastern Kingdoms
9602, Draenor
12361, Lich King Raid
12364, Lich King Raid
487, Lich King Dungeon
13301, War Effort
10258, Draenor Garrison
9214, Player vs. Player
661, The Burning Crusade
12522, Battle Raid
10785, Legion Dungeon
12102, Legion
1755, Wintergrasp
5376, Cataclysm
6758, Pandaria Dungeon
12856, World
212, Eye of the Storm
405, Arena
10411, Legion Dungeon
9607, Draenor
13641, Player vs. Player
13927, Events
11558, Brawler's Guild
625, Lich King Raid
10809, Legion Dungeon
12497, Battle for Azeroth
6756, Pandaria Dungeon
13204, Player vs. Player
9545, Draenor Garrison
5266, Arena
5066, Cataclysm Dungeon
13725, Battle Raid
13396, Island Expeditions
4840, Cataclysm Dungeon
637, Classic
13287, Battle Raid
639, Classic
1998, Cooking
11737, Legion
641, Classic
12962, Player vs. Player
12395, Lich King Raid
657, The Burning Crusade
5542, Currencies
6470, Pandaria Dungeon
11701, Legion Dungeon
12589, Island Expeditions
11929, Legion Dungeon
7413, Classic
12365, Lich King Raid
14140, Feats of Strength
2893, Raids
10806, Legion Dungeon
711, Arathi Basin
634, Classic
2090, Arena
402, Arena
6763, Pandaria Dungeon
9044, Draenor Dungeon
14149, War Effort
9100, Draenor Garrison
480, Lich King Dungeon
899, The Burning Crusade
13099, Island Expeditions
8922, Draenor
6433, Feats of Strength
13728, Battle Raid
479, Lich King Dungeon
11988, Legion Raid
12590, Island Expeditions
5064, Cataclysm Dungeon
13112, Island Expeditions
12523, Battle Raid
1005, Player vs. Player
9101, Draenor Garrison
13107, Island Expeditions
628, Classic
10711, Legion Dungeon
255, Hallow's End
10796, Legion Dungeon
13296, War Effort
13095, Island Expeditions
630, Classic
6950, Temple of Kotmogu
10802, Legion Dungeon
4576, Feats of Strength
6971, Temple of Kotmogu
942, Reputation
399, Arena
14044, Battle Raid
764, The Burning Crusade
9471, Draenor
14169, Visions of N'Zoth
13690, Battle for Azeroth
13577, Island Expeditions
13103, Island Expeditions
12521, Battle Raid
6517, Pandaria Raid
9108, Draenor Garrison
12949, Battle for Azeroth
2093, Arena
13639, Player vs. Player
649, The Burning Crusade
1415, Feats of Strength
12385, Lich King Raid
12329, Lich King Raid
545, Character
9038, Draenor Dungeon
561, Northrend
5062, Cataclysm Dungeon
14067, Visions of N'Zoth
5245, Battle for Gilneas
12343, Lich King Raid
13389, Island Expeditions
13581, Island Expeditions
10784, Legion Dungeon
7994, Pandaria
4517, Lich King Dungeon
10698, Legion
13118, Island Expeditions
13963, Player vs. Player
4848, Cataclysm Dungeon
412, Promotions
10805, Legion Dungeon
11213, Legion Class Hall
14061, Visions of N'Zoth
13297, War Effort
6456, Pandaria Dungeon
10813, Legion Dungeon
10598, Fishing
6828, Pandaria
9099, Draenor Garrison
13558, Battle for Azeroth
660, The Burning Crusade
12740, Professions
10799, Legion Dungeon
6480, Pandaria Raid
11216, Legion Class Hall
12396, Lich King Raid
10543, Legion Dungeon
635, Classic
12328, Lich King Raid
13119, Island Expeditions
12386, Lich King Raid
12321, Lich King Raid
1308, Player vs. Player
3776, Isle of Conquest
10820, Legion Raid
4847, Cataclysm Dungeon
9138, Draenor Garrison
12339, Lich King Raid
238, Player vs. Player
8921, Draenor
638, Classic
12881, War Effort
5063, Cataclysm Dungeon
11546, Legion
13111, Island Expeditions
10763, Legion
651, The Burning Crusade
5208, Twin Peaks
964, Exploration
1689, Winter Veil
9039, Draenor Dungeon
777, Eastern Kingdoms
10788, Legion Dungeon
10010, Pandaria Dungeon
631, Classic
12741, Professions
11219, Legion Class Hall
633, Classic
13959, Player vs. Player
10798, Legion Dungeon
12872, War Effort
6740, Temple of Kotmogu
10804, Legion Dungeon
11700, Legion Dungeon
10795, Legion Dungeon
4520, Lich King Dungeon
153, Fishing
10011, Pandaria Dungeon
11848, Events
13142, Island Expeditions
11124, Legion
477, Lich King Dungeon
8331, Deepwind Gorge
4476, Dungeons & Raids
762, Reputation
168, Warsong Gulch
12838, Battle Dungeon
11652, Legion
10808, Legion Dungeon
10790, Legion
13718, Battle Raid
478, Lich King Dungeon
1157, Player vs. Player
10781, Legion Dungeon
8208, Pandaria
6117, Cataclysm Dungeon
12739, Professions
199, Warsong Gulch
6019, Darkmoon Faire
12101, Legion
9041, Draenor Dungeon
12409, Seething Shore
10585, Professions
4839, Cataclysm Dungeon
10256, Draenor Garrison
4846, Cataclysm Dungeon
9150, Draenor Garrison
154, Arathi Basin
481, Lich King Dungeon
699, Arena
11223, Legion Class Hall
4957, Quests
14195, Battle Raid
11215, Legion Class Hall
10786, Legion Dungeon
13126, Island Expeditions
12069, Legion
10807, Legion Dungeon
8843, Draenor Dungeon
8820, Events
486, Lich King Dungeon
4885, Cataclysm
11171, Legion Class Hall
484, Lich King Dungeon
10669, Legion
12733, Professions
14019, Battle Raid
32, Quests
14168, Visions of N'Zoth
12727, Battle Dungeon
6739, Silvershard Mines
246, Player vs. Player
506, Quests
7437, Pandaria
488, Lich King Dungeon
12596, Island Expeditions
9037, Draenor Dungeon
12316, Lich King Raid
5375, Cataclysm
14041, Battle Raid
10783, Legion Dungeon
6755, Pandaria Dungeon
9131, Draenor Garrison
12351, Lich King Raid
951, Wrath of the Lich King
6757, Pandaria Dungeon
12500, Battle Dungeon
1258, Eye of the Storm
166, Warsong Gulch
13123, Island Expeditions
12735, Professions
10666, Legion
6457, Pandaria Dungeon
12831, Battle Dungeon
229, Player vs. Player
12844, Battle Dungeon
957, Legacy
12349, Lich King Raid
6469, Pandaria Dungeon
979, Hallow's End
4478, Dungeons & Raids
10780, Legion Dungeon
11846, Legion
11543, Legion
9134, Draenor Garrison
709, Alterac Valley
13701, Honor
5180, Character
12827, Events
12506, Battle Dungeon
12841, Battle Dungeon
4956, Quests
12833, Battle Dungeon
12842, Battle Dungeon
12483, Battle Dungeon
10706, Legion Class Hall
10349, Draenor
12840, Battle Dungeon
12826, Battle Dungeon
1011, Wrath of the Lich King
245, Player vs. Player
11220, Legion Class Hall
14068, Raids
397, Arena
12501, Battle Dungeon
12845, Battle Dungeon
12504, Battle Dungeon
11609, Expansion Features
11214, Legion Class Hall
10059, Legion
13962, Player vs. Player
11772, Expansion Features
12484, Battle Dungeon
10665, Legion
12738, Professions
11183, Dungeons & Raids
9470, Draenor
218, Alterac Valley
227, Player vs. Player
11212, Legion Class Hall
9107, Draenor Garrison
4477, Dungeons & Raids
9141, Draenor Garrison
14150, War Effort
12835, Battle Dungeon
12560, Battle for Azeroth
950, Wrath of the Lich King
9474, Ashran
9125, Draenor Garrison
11478, World
12837, Battle Dungeon
508, Quests
208, Eye of the Storm
14167, Visions of N'Zoth
11185, Dungeons & Raids
12488, Battle Dungeon
12557, Battle for Azeroth
900, The Burning Crusade
12825, Battle Dungeon
14162, Visions of N'Zoth
12558, Battle for Azeroth
14173, Visions of N'Zoth
13559, Battle for Azeroth
11184, Dungeons & Raids
12824, Battle Dungeon
9133, Draenor Garrison
12957, Battle for Azeroth
4624, Love is in the Air
12846, Battle Dungeon
12952, Battle for Azeroth
12848, Battle Dungeon
9130, Draenor Garrison
12832, Battle Dungeon
896, The Burning Crusade
11475, World
11477, World
12847, Battle Dungeon
546, Character
949, Wrath of the Lich King
12352, Lich King Raid
948, Reputation
12502, Battle Dungeon
14194, Battle Raid
12559, Battle for Azeroth
13124, Island Expeditions
13075, Battle Dungeon
11476, World
14166, Visions of N'Zoth
12561, Battle for Azeroth
12505, Battle Dungeon
11144, Expansion Features
13776, Battle for Azeroth
507, Quests
955, Classic
5752, Quests
944, Classic
14165, Visions of N'Zoth
116, Professions
735, Professions
1182, Quests
14064, Visions of N'Zoth
731, Professions
14196, Battle Raid
956, Classic
10581, Professions
4924, Professions
12950, Battle for Azeroth
4914, Professions
733, Professions
31, Quests
8715, Pandaria
13917, Events
732, Professions
9726, Draenor
734, Professions
12734, Professions
1012, Wrath of the Lich King
12556, Battle for Azeroth
14065, Visions of N'Zoth
959, The Burning Crusade
9472, Draenor
10350, Draenor
902, The Burning Crusade
1010, Wrath of the Lich King
13712, Battle for Azeroth
14157, Battle for Azeroth
12954, Battle for Azeroth
13771, Heart of Azeroth
953, Reputation
5538, Currencies
13777, Heart of Azeroth
945, Reputation
4883, Cataclysm
946, Classic
10337, Events
14172, Visions of N'Zoth
6544, Pandaria
8210, Pandaria
12953, Battle for Azeroth
13998, Heart of Azeroth
6543, Pandaria
14193, Battle Raid
12951, Battle for Azeroth
9469, Draenor
4881, Cataclysm
958, The Burning Crusade
5537, Currencies
12387, Lich King Raid
894, The Burning Crusade
11162, Dungeons & Raids
12731, Professions
903, The Burning Crusade
12547, Character
12546, Character
12347, Lich King Raid
12322, Lich King Raid
1178, Character
14154, Battle for Azeroth
6366, Pandaria
4884, Cataclysm
12309, Lich King Raid
513, Player vs. Player
898, The Burning Crusade
6545, Pandaria
14062, Visions of N'Zoth
12338, Lich King Raid
14153, Battle for Azeroth
14171, Visions of N'Zoth
6546, Pandaria
13557, Battle for Azeroth
509, Player vs. Player
12366, Lich King Raid
14063, Visions of N'Zoth
897, The Burning Crusade
13572, Heart of Azeroth
12373, Lich King Raid
6548, Pandaria
1007, Wrath of the Lich King
974, Quests
960, The Burning Crusade
13770, Heart of Azeroth
14170, Visions of N'Zoth
5827, Cataclysm
12369, Lich King Raid
4882, Cataclysm
12310, Lich King Raid
13769, Heart of Azeroth
12302, Lich King Raid
5455, Character
1009, Wrath of the Lich King
1180, Character
12320, Lich King Raid
12341, Lich King Raid
5794, Reputation
9111, Draenor Garrison
4598, Wrath of the Lich King
9213, Draenor Garrison
1181, Character
512, Player vs. Player
6550, Pandaria
947, Wrath of the Lich King
11159, Legion
6547, Pandaria
12956, Battle for Azeroth
12334, Lich King Raid
12330, Lich King Raid
977, Quests
12325, Lich King Raid
10582, Professions
1008, Wrath of the Lich King
11545, Legion
12297, Lich King Raid
11796, Legion
516, Player vs. Player
12066, Legion
10994, Legion Class Hall
12081, Legion
515, Player vs. Player
9507, Professions
976, Quests
12076, Legion
5536, Currencies
6830, Professions
5535, Currencies
975, Quests
12292, Legion
12955, Battle for Azeroth
9464, Professions
9110, Draenor Garrison
9146, Draenor Garrison
494, Lich King Dungeon
6835, Professions
10778, Legion
2256, Northrend
1311, Outland
