,ranking,leaderboard,player,guild,realm
0,2.0,completion_score,Reconbravo,Currently Online,US-Illidan
1,3.0,completion_score,Ryken,Southern Comfort,US-Stormrage
2,4.0,completion_score,Shoogen,Engineering Madness,US-Drenden
3,5.0,completion_score,Jamuestus,Scripted Encounter,US-Area 52
4,6.0,completion_score,Carbion,Rivaled,US-Dragonblight
5,7.0,completion_score,Shibze,Blacklisted,US-Kil'jaeden
6,8.0,completion_score,Dratak,The Other Guys,US-Haomarush
7,9.0,completion_score,Peeyow,War Den,US-Stormrage
8,10.0,completion_score,Kilriella,g e n o c i d e,US-Wildhammer
9,11.0,completion_score,Billym,Overcoming,US-Azralon
10,12.0,completion_score,Sanctuari,Blue Steel,US-Ysera
11,13.0,completion_score,Dakyras,Blacklotus Brotherhood,US-Dath'Remar
12,14.0,completion_score,Finity,Defer Death,US-Zul'jin
13,15.0,completion_score,Blaydon,The Watchmen,US-Blackhand
14,16.0,completion_score,Gabrielle,From Ashes,US-Whisperwind
15,17.0,completion_score,Ironhunter,LochModanYachtClub,US-Turalyon
16,18.0,completion_score,Mousetrap,Dead on the Floor,US-Illidan
17,19.0,completion_score,Debbee,Ancestral Ties,US-Wyrmrest Accord
18,20.0,completion_score,Snigles,Stand In Fire DPS Higher,US-Eonar
19,21.0,completion_score,Iressaa,From Chaos,US-Suramar
20,22.0,completion_score,Silverz,Remnants of the Fallen,US-Shadowmoon
21,23.0,completion_score,Pharune,Eternal Keggers,US-Terenas
22,24.0,completion_score,Suzumiyaharu,Demogorgon,US-Tichondrius
23,25.0,completion_score,Jaheesh,Hubris,US-Dalaran
24,26.0,completion_score,Qeb,Merely a Setback,US-Thaurissan
25,27.0,completion_score,Coldwind,Last Call,US-Kilrogg
26,28.0,completion_score,Solestri,The Cabal,US-Frostmourne
27,29.0,completion_score,Drusyn,The Lab,US-Area 52
28,30.0,completion_score,Sinin,Celestials,US-Kel'Thuzad
29,31.0,completion_score,Arganthe,Rise Above,US-Azralon
30,32.0,completion_score,Soulyouth,Early Night,US-Frostmourne
31,33.0,completion_score,Grundy,Misanthrope,US-Ravencrest
32,34.0,completion_score,Fysk,Grievance,US-Proudmoore
33,35.0,completion_score,Tary,Nephandi,US-Kul Tiras
34,36.0,completion_score,Thauronis,Kryptos,US-Llane
35,37.0,completion_score,Ishmarn,Collectors Anonymous,US-Cho'gall
36,38.0,completion_score,Ivanetta,Business Class,US-Sargeras
37,39.0,completion_score,Natima,Engineering Madness,US-Drenden
38,40.0,completion_score,Cleoboltra,Occasional Excellence,US-Turalyon
39,41.0,completion_score,Quidamtyra,Turbo Cyborg Ninjas,US-Ner'zhul
40,42.0,completion_score,Weetzie,Goon Squad,US-Mal'Ganis
41,43.0,completion_score,Ravencat,Undecided,US-Mug'thol
42,44.0,completion_score,Keppy,LockDown,US-Dragonmaw
43,45.0,completion_score,Cobey,shenanigans,US-Korialstrasz
44,46.0,completion_score,Zxane,Hostility,US-Barthilas
45,47.0,completion_score,Kaelryn,Soulbound,US-Ravencrest
46,48.0,completion_score,Crimsonfist,Pacte Des Loups,US-Shattered Hand
47,49.0,completion_score,Askevar,The Librarians,US-Azuremyst
48,50.0,completion_score,Speratus,Stuff,US-Frostmourne
49,51.0,completion_score,Lucky,Dark Twilight,US-Bloodhoof
50,52.0,completion_score,Meggle,Sanctimonious,US-Sargeras
51,53.0,completion_score,Xellandria,Almost Sane,US-Skywall
52,54.0,completion_score,Kektonic,Horse Gang,US-Zul'jin
53,55.0,completion_score,Katokal,Semantics,US-Mal'Ganis
54,56.0,completion_score,Czaafum,Resistance,US-Hyjal
55,57.0,completion_score,Taranani,Intent,US-Kil'jaeden
56,58.0,completion_score,Ismara,HTF,US-Ragnaros
57,59.0,completion_score,Dirtyb,Defenestrate,US-Tichondrius
58,60.0,completion_score,Caelia,Inversion,US-Uldaman
59,61.0,completion_score,Blutamera,Evil Twins,US-Duskwood
60,62.0,completion_score,Knifèparty,Disorderly,US-Zul'jin
61,63.0,completion_score,Marutai,Infliction,US-Draenor
62,64.0,completion_score,Rekari,Slainte,US-Tanaris
63,65.0,completion_score,Valasha,Standard Nerds,US-Nagrand
64,66.0,completion_score,Chaotic,Collectors from Azeroth,US-Tol Barad
65,67.0,completion_score,Ataxxus,Strawberry Puppy Kisses,US-Area 52
66,68.0,completion_score,Kiwiaz,Tyrannical,US-Khaz'goroth
67,69.0,completion_score,Boodizz,Early Night,US-Frostmourne
68,70.0,completion_score,Voorhees,American Pickers,US-Stormreaver
69,71.0,completion_score,Sønnet,Red Dragonz,US-Elune
70,72.0,completion_score,Sookie,Benched,US-Boulderfist
71,73.0,completion_score,Pythe,House of Arathor,US-Argent Dawn
72,74.0,completion_score,Bubbes,Turbo Cyborg Ninjas,US-Ner'zhul
73,75.0,completion_score,Wubs,Tortured Reality,US-Jubei'Thos
74,76.0,completion_score,Serephem,Endless Kingdom,US-Proudmoore
75,77.0,completion_score,Uivobranco,Final Heaven,US-Goldrinn
76,78.0,completion_score,Zarillion,Trash Mob Death Machine,US-Illidan
77,79.0,completion_score,Ripillica,Forgotten Oaths,US-Azralon
78,80.0,completion_score,Picoglad,Gardiens du Lys,US-Zul'jin
79,81.0,completion_score,Salacia,Inebriated Raiding,US-Cho'gall
80,82.0,completion_score,Roshinski,Molotov,US-Korgath
81,83.0,completion_score,Kelly,Halcyon,US-Mok'Nathal
82,84.0,completion_score,Edwal,Hodor,US-Frostmourne
83,85.0,completion_score,Gumbercule,Enter the Void,US-Eonar
84,86.0,completion_score,Holycast,Our Server Bin Laggin,US-Dreadmaul
85,87.0,completion_score,Exetrage,Ruination,US-Baelgun
86,88.0,completion_score,Rexy,Rexy and Friends,US-Frostmourne
87,89.0,completion_score,Adorion,Dalaran University,US-Caelestrasz
88,90.0,completion_score,Xsrblackbird,Downgraded to Casual,US-Area 52
89,91.0,completion_score,Deni,Stressed Out,US-Proudmoore
90,92.0,completion_score,Ortho,Fury,US-Proudmoore
91,93.0,completion_score,Patternho,Tribe of Women,US-Burning Blade
92,94.0,completion_score,Rodwarelf,DuskTillDawn,US-Aman'Thul
93,95.0,completion_score,Weatherworn,Way of the Sword,US-Steamwheedle Cartel
94,96.0,completion_score,Treborlock,Engineering Madness,US-Drenden
95,97.0,completion_score,Mcdee,Insufficient Funds,US-Tanaris
96,98.0,completion_score,Adriannos,Pub do Fim do Mundo,US-Gallywix
97,99.0,completion_score,Aetorus,Inconceivable,US-Bloodhoof
98,100.0,completion_score,Srettel,Fission Chips,US-Proudmoore
99,101.0,completion_score,Katmint,,US-Borean Tundra
100,102.0,completion_score,Ceri,Exiles,US-Azuremyst
101,103.0,completion_score,Kelerenis,Northern Kings,US-Stormrage
102,104.0,completion_score,Romalar,Legion of Light,US-Bronzebeard
103,105.0,completion_score,Lughnasadh,Primordial Malice,US-Stormrage
104,106.0,completion_score,Harren,Mistakes into Miracles,US-Hyjal
105,107.0,completion_score,Hùrin,Unity,US-Ragnaros
106,108.0,completion_score,Souske,Evenfall,US-Sargeras
107,109.0,completion_score,Redeadx,Icon,US-Shadowsong
108,110.0,completion_score,Amarelis,Whisper,US-Area 52
109,111.0,completion_score,Marzipans,Melee Mechanics,US-Illidan
110,112.0,completion_score,Aeliora,Pale Horse,US-Hyjal
111,113.0,completion_score,Xegonie,Third Times the Charm,US-Emerald Dream
112,114.0,completion_score,Gidy,B r o t h e r h o o D,US-Perenolde
113,115.0,completion_score,Devastata,Discord,US-Jaedenar
114,116.0,completion_score,Opallena,Dark Army,US-Nazjatar
115,117.0,completion_score,Xwn,Proud Manlets,US-Kel'Thuzad
116,118.0,completion_score,Akihisa,The Exiled,US-Arthas
117,119.0,completion_score,Giblets,Seriously Casual,US-Akama
118,120.0,completion_score,Censor,Reload,US-Dalaran
119,121.0,completion_score,Sweetipie,Anomaly,US-Suramar
120,122.0,completion_score,Lomankha,Syndicated,US-Arthas
121,123.0,completion_score,Korg,Seagull Death Squad,US-Jubei'Thos
122,124.0,completion_score,Softshock,Gruntled,US-Caelestrasz
123,125.0,completion_score,Adydar,Just Outgear It,US-Zul'jin
124,126.0,completion_score,Gersin,Defenestrate,US-Tichondrius
125,127.0,completion_score,Shatterskull,The Old Timers Guild,US-Kul Tiras
126,128.0,completion_score,Sareene,Centered,US-Lightbringer
127,129.0,completion_score,Demodecus,The Shadow Company,US-Zul'jin
128,130.0,completion_score,Chavirst,Warcrafted,US-Blackhand
129,131.0,completion_score,Cathellie,Decerto,US-Sargeras
130,132.0,completion_score,Wondercluck,Agents of Doom,US-Kilrogg
131,133.0,completion_score,Blassphamy,Inebriated Raiding,US-Cho'gall
132,134.0,completion_score,Adalia,Comfortably Numb,US-Moon Guard
133,135.0,completion_score,Fleurdelys,Living Syndication,US-Gorefiend
134,136.0,completion_score,Caprotina,Discretion Advised,US-Shu'halo
135,137.0,completion_score,Oraculus,Group Two,US-Draka
136,138.0,completion_score,Tyrrae,In Other News,US-Stormrage
137,139.0,completion_score,Tyryan,Sicoob,US-Gallywix
138,140.0,completion_score,Thaneroland,Blood Rich,US-Area 52
139,141.0,completion_score,Rangamoose,Night Train,US-Area 52
140,142.0,completion_score,Ukuf,Marshmellows,US-Barthilas
141,143.0,completion_score,Chuckler,Midnight Crew,US-Fizzcrank
142,144.0,completion_score,Friggencute,Battle Kittens,US-Sargeras
143,145.0,completion_score,Drizzi,Action Team Broforce,US-Thrall
144,146.0,completion_score,Pitylamonk,Ember,US-Zul'jin
145,147.0,completion_score,Imdatrouble,WonKru,US-Stormrage
146,148.0,completion_score,Sharpbladez,Eat Sleep Game Repeat,US-Proudmoore
147,149.0,completion_score,Vinca,Vindictive,US-Arthas
148,150.0,completion_score,Fayia,Standing in Fire,US-Arthas
149,151.0,completion_score,Janord,The Riddle of Steel,US-Nazgrel
150,152.0,completion_score,Kathesara,Kami no Bushido,US-Hyjal
151,153.0,completion_score,Barh,Disrespect,US-Mal'Ganis
152,154.0,completion_score,Onitenshi,Pleblords,US-Stormscale
153,155.0,completion_score,Manistas,The Knights of Old,US-Sentinels
154,156.0,completion_score,Fortheglory,Bros with Banjos,US-Laughing Skull
155,157.0,completion_score,Ribsx,Might,US-Zul'jin
156,158.0,completion_score,Miniegun,Unreal Realities,US-Barthilas
157,159.0,completion_score,Baelof,Damage Incorporated,US-Feathermoon
158,160.0,completion_score,Delphinae,Sanctus Covenir,US-Lothar
159,161.0,completion_score,Jenyavu,Memento Vivere,US-Proudmoore
160,162.0,completion_score,Lils,Hyrulian Knights,US-Sentinels
161,163.0,completion_score,Kråtös,Game Over,US-Proudmoore
162,164.0,completion_score,Redhakaider,Heureka,US-Proudmoore
163,165.0,completion_score,Gjoflash,Benus Letalis Ericius,US-Cenarius
164,166.0,completion_score,Lilgushy,Casual Achievement,US-Area 52
165,167.0,completion_score,Taras,Cry Moar,US-Blackhand
166,168.0,completion_score,Zaranna,Renegades,US-Trollbane
167,169.0,completion_score,Iamgladious,Paw Stars,US-Dalaran
168,170.0,completion_score,Marracia,Army of the Night,US-Agamaggan
169,171.0,completion_score,Spethyl,Havoc,US-Ysera
170,172.0,completion_score,Pérolah,Filhos do Mar,US-Gallywix
171,173.0,completion_score,Greenling,RIPGWAR,US-Greymane
172,174.0,completion_score,Phayce,Death Jesters,US-Stormrage
173,175.0,completion_score,Annalisse,Hive,US-Hyjal
174,176.0,completion_score,Icesickle,Forbidden Army,US-Barthilas
175,177.0,completion_score,Aeristhyn,Pandamonium,US-Magtheridon
176,178.0,completion_score,Chairmanjeff,Semantics,US-Mal'Ganis
177,179.0,completion_score,Apotheoun,Legends of The Tao,US-Thorium Brotherhood
178,180.0,completion_score,Dartt,Oathsworn,US-Azjol-Nerub
179,181.0,completion_score,Judekin,Blood Legion,US-Illidan
180,182.0,completion_score,Supertedd,hemingways gun,US-Khaz'goroth
181,183.0,completion_score,Vandiel,Benevolent,US-Korgath
182,184.0,completion_score,Rigita,Thugx,US-Galakrond
183,185.0,completion_score,Ameerra,Driven,US-Hyjal
184,186.0,completion_score,Dwaren,Winter is Coming,US-Kargath
185,187.0,completion_score,Soulofarc,Avoiding Reality,US-Spinebreaker
186,188.0,completion_score,Davilator,Ghosts of the fallen,US-Eldre'Thalas
187,189.0,completion_score,Runìcpower,Turbulence,US-Trollbane
188,190.0,completion_score,Perrydodge,Endless Kingdom,US-Proudmoore
189,191.0,completion_score,Deathmaker,Essence,US-Tichondrius
190,192.0,completion_score,Ravenna,Hand of Fate,US-Stormrage
191,193.0,completion_score,Boro,LochModanYachtClub,US-Turalyon
192,194.0,completion_score,Tiz,Freak Show,US-Illidan
193,195.0,completion_score,Walonsi,Deadslayers,US-Stormrage
194,196.0,completion_score,Joobie,Relentless,US-Shattered Hand
195,197.0,completion_score,Aylethius,Wolves of Niflheim,US-Kel'Thuzad
196,198.0,completion_score,Kungfuroach,Infeste Nex,US-Boulderfist
197,199.0,completion_score,Droodfrak,Battered Shrimps,US-Borean Tundra
198,200.0,completion_score,Scut,Seventh Cavalry,US-Icecrown
199,201.0,completion_score,Sophie,Munchma Quchi,US-Daggerspine
200,202.0,completion_score,Ferael,Final Heaven,US-Goldrinn
201,203.0,completion_score,Voxella,Resurrection,US-Skywall
202,204.0,completion_score,Soemunculus,Dungeon Stalkers,US-Alexstrasza
203,205.0,completion_score,Spug,Southern Comfort,US-Stormrage
204,206.0,completion_score,Mordicanta,Electrotuned,US-Kargath
205,207.0,completion_score,Blakkwydow,The Royals Red Devils,US-Ysera
206,208.0,completion_score,Kronides,Blood Red Sky,US-Proudmoore
207,209.0,completion_score,Eriya,Better Part of Valor,US-Elune
208,210.0,completion_score,Scotlandthre,Infusion,US-Khaz Modan
209,211.0,completion_score,Shintorg,Expiation,US-Aggramar
210,212.0,completion_score,Davisprime,Poor Life Choices,US-Mal'Ganis
211,213.0,completion_score,Galifen,Rocket Surgeons,US-Executus
212,214.0,completion_score,Kirajoy,The City Watch,US-Echo Isles
213,215.0,completion_score,Uurfshawk,,US-Stormreaver
214,216.0,completion_score,Wrashis,Dark Phoenix,US-Suramar
215,217.0,completion_score,Laella,NastyLittlePocketses,US-Scarlet Crusade
216,218.0,completion_score,Eagh,The Riders Of Rohan,US-The Scryers
217,219.0,completion_score,Tutonik,Rebellion,US-Staghelm
218,220.0,completion_score,Mordrid,Ehrenguard,US-Hellscream
219,221.0,completion_score,Luxzuria,Might,US-Zul'jin
220,222.0,completion_score,Migz,The Crimson Lotus,US-Illidan
221,223.0,completion_score,Stats,Order of the Dragon,US-Nagrand
222,224.0,completion_score,Villden,Gringotts,US-Barthilas
223,225.0,completion_score,Adam,Nurfed,US-Tichondrius
224,226.0,completion_score,Linath,Battle Kittens,US-Sargeras
225,227.0,completion_score,Drackulla,Synergy PVP,US-Stormrage
226,228.0,completion_score,Repossess,Twilight Alliance,US-Thunderhorn
227,229.0,completion_score,Whiteslash,,US-Nemesis
228,230.0,completion_score,Zorcan,Pollo de la Muerte,US-Madoran
229,231.0,completion_score,Stranko,Pixel Frenzy,US-Bleeding Hollow
230,232.0,completion_score,Liandroa,Benevolence,US-Stormrage
231,232.0,completion_score,Aeriane,Keep Calm,US-Spirestone
232,234.0,completion_score,Misao,Kuro no Kishidan,US-Azralon
233,235.0,completion_score,Judgment,Epoch,US-Bronzebeard
234,236.0,completion_score,Senile,Fist Of Thrall,US-Gilneas
235,237.0,completion_score,Gilwood,Fixed,US-Tichondrius
236,238.0,completion_score,Melisan,Group Two,US-Draka
237,239.0,completion_score,Ayzén,Final Heaven,US-Goldrinn
238,240.0,completion_score,Katecia,The Winds of Fortune,US-Wyrmrest Accord
239,241.0,completion_score,Rylle,Evenfall,US-Sargeras
240,242.0,completion_score,Reignitus,Annihilation,US-Burning Blade
241,243.0,completion_score,Klydasaurus,HC,US-Mal'Ganis
242,244.0,completion_score,Keiga,Sanctuary of the Errant,US-Silver Hand
243,245.0,completion_score,Hyunki,We Got This,US-Kul Tiras
244,246.0,completion_score,Celebrian,Destruidores,US-Azralon
245,247.0,completion_score,Gustice,Freedom Fighters United,US-Feathermoon
246,248.0,completion_score,Jillissia,Core to the bone,US-Shandris
247,249.0,completion_score,Silverstarr,Kindred Spirits,US-Gnomeregan
248,250.0,completion_score,Lockboxes,Crisp,US-Doomhammer
249,251.0,completion_score,Feralwarrior,Therapy,US-Zul'jin
250,252.0,completion_score,Wilhuff,Tribe,US-Burning Legion
251,253.0,completion_score,Creacher,Church of Bool,US-Silvermoon
252,254.0,completion_score,Xygrith,Sweep the Leg,US-Daggerspine
253,255.0,completion_score,Miniböss,Cryptids League,US-Sargeras
254,256.0,completion_score,Beteljuice,Corruptors of Innocence,US-Kargath
255,257.0,completion_score,Grandecita,Heroes de Quelthalas,US-Quel'Thalas
256,258.0,completion_score,Adezero,Rivalry,US-Kil'jaeden
257,259.0,completion_score,Drusilla,In Alts We Trust,US-Dalaran
258,260.0,completion_score,Tesserae,Goon Squad,US-Mal'Ganis
259,261.0,completion_score,Nineinchnail,Primal Might,US-Exodar
260,262.0,completion_score,Altruís,Azeroths Most Deadly,US-Zul'jin
261,263.0,completion_score,Roshni,Gadgetstani Terror Squad,US-Kalecgos
262,264.0,completion_score,Frozoncold,Random Jerk,US-Sargeras
263,265.0,completion_score,Meninas,,US-Stonemaul
264,266.0,completion_score,Enkidu,Forces That Be,US-Eldre'Thalas
265,267.0,completion_score,Vinzclortho,The Syndicate,US-Zul'jin
266,268.0,completion_score,Ziv,Is Fat,US-Suramar
267,269.0,completion_score,Cordheala,Engineering Madness,US-Drenden
268,270.0,completion_score,Eillaruaa,Starting Zone Survivors,US-Area 52
269,271.0,completion_score,Rankshaman,Vision,US-Thrall
270,272.0,completion_score,Gulver,High N Mighty,US-Kargath
271,273.0,completion_score,Marriama,The Order of Amberstaff,US-Wyrmrest Accord
272,274.0,completion_score,Vanas,End It All,US-Stormrage
273,275.0,completion_score,Syko,Syko Storage,US-Icecrown
274,276.0,completion_score,Katalenna,Elunes Light,US-Silver Hand
275,277.0,completion_score,Splunge,Centered,US-Lightbringer
276,278.0,completion_score,Alogagain,Phalanx,US-Saurfang
277,279.0,completion_score,Rasik,Exiles,US-Medivh
278,280.0,completion_score,Gumpugh,Impeccable Timing,US-Blackwing Lair
279,281.0,completion_score,Raladash,Homeland,US-Malfurion
280,282.0,completion_score,Shundra,I Brake For Murlocs,US-Dath'Remar
281,283.0,completion_score,Mikalas,Shattered Fates,US-Medivh
282,284.0,completion_score,Thûd,Drunk N Disorderly,US-Llane
283,285.0,completion_score,Zurgzurg,,US-Silver Hand
284,286.0,completion_score,Jodielynn,Evil Twins,US-Duskwood
285,287.0,completion_score,Aust,Dawn of Twilight,US-Feathermoon
286,288.0,completion_score,Ravenskar,Bad Hombres,US-Windrunner
287,289.0,completion_score,Darkchoclate,Dark Democracy,US-Durotan
288,290.0,completion_score,Liiukang,Thunder Kiss,US-Area 52
289,291.0,completion_score,Paladiac,Crit Happenz,US-Feathermoon
290,292.0,completion_score,Carbuncle,Cross Continental,US-Lightbringer
291,293.0,completion_score,Madness,Children,US-Zul'jin
292,294.0,completion_score,Darkossk,The Unbound,US-Lothar
293,295.0,completion_score,Primevile,Ironwolf Clan,US-Bleeding Hollow
294,296.0,completion_score,Rufflebottom,The Royal Bloodline,US-Bloodhoof
295,297.0,completion_score,Limpidnymph,Gruntled,US-Caelestrasz
296,298.0,completion_score,Lamprae,Volatile,US-Arygos
297,299.0,completion_score,Kenerek,Ouroboros,US-Proudmoore
298,300.0,completion_score,Blackwarlock,Regulatørs,US-Hyjal
299,301.0,completion_score,Xaqueline,La Picá Del Varian,US-Quel'Thalas
300,302.0,completion_score,Maxwella,I N F I N I T Y,US-Area 52
301,303.0,completion_score,Catashot,Engineering Madness,US-Drenden
302,303.0,completion_score,Paloma,Rebirth,US-Earthen Ring
303,305.0,completion_score,Nathure,Murloc n Roll,US-Azralon
304,306.0,completion_score,Akaili,Shattered Fates,US-Medivh
305,307.0,completion_score,Rhelia,Vindicatum,US-Icecrown
306,308.0,completion_score,Qj,Have Bank And Tabard,US-Kel'Thuzad
307,309.0,completion_score,Pyro,RUINOUS,US-Stormrage
308,310.0,completion_score,Swyftlyght,Wreck List,US-Garrosh
309,311.0,completion_score,Druelmaster,Fabled Heroes,US-Ravencrest
310,312.0,completion_score,Starrefyre,Equinox,US-Llane
311,313.0,completion_score,Tyrent,Reloaded,US-Whisperwind
312,314.0,completion_score,Écho,Censored,US-Sargeras
313,315.0,completion_score,Torvald,Thunder Billies,US-Deathwing
314,316.0,completion_score,Moonwarriorx,Free Reign,US-Greymane
315,317.0,completion_score,Kamboozle,Betrayal,US-Frostmourne
316,318.0,completion_score,Doombringerx,Alliance Lives Matter,US-Stormrage
317,319.0,completion_score,Ferrario,Freelance Mercenaries,US-Khaz Modan
318,320.0,completion_score,Yelena,Last Call,US-Kilrogg
319,321.0,completion_score,Akiruwu,Ethical,US-Frostmourne
320,322.0,completion_score,Bloodrain,Agents Of Change,US-Alexstrasza
321,323.0,completion_score,Kaiatae,Hammer of Froth,US-Aman'Thul
322,324.0,completion_score,Senddra,Reminisce,US-Garrosh
323,325.0,completion_score,Burzgul,Full Murloc,US-Zul'jin
324,326.0,completion_score,Elaura,Sanguis Draconis,US-Twisting Nether
325,327.0,completion_score,Sulthera,Sanity,US-Moon Guard
326,328.0,completion_score,Rengots,Failed Experiment,US-Alterac Mountains
327,329.0,completion_score,Frodon,Tears of Vengeance,US-Norgannon
328,330.0,completion_score,Doublehungus,Task Force DANGER,US-Uther
329,331.0,completion_score,Bekha,Fallen Knights,US-Area 52
330,332.0,completion_score,Happysmiles,Friend Zone,US-Stormrage
331,333.0,completion_score,Kaiandra,Ameliorate,US-Bronzebeard
332,334.0,completion_score,Kerigann,Victorious Secret,US-Moon Guard
333,335.0,completion_score,Folius,Dragonfly Clan,US-Malfurion
334,336.0,completion_score,Peenutbudder,Squirrel Legion,US-Hyjal
335,337.0,completion_score,Surveysez,Mutiny,US-Greymane
336,338.0,completion_score,Talakeal,Red Herring,US-Proudmoore
337,339.0,completion_score,Skynuture,All Guns Blazing,US-Barthilas
338,340.0,completion_score,Spauk,Winter is Coming,US-Kargath
339,341.0,completion_score,Letsshot,Complete Panic,US-Spinebreaker
340,342.0,completion_score,Retrik,Lithium,US-Ravencrest
341,343.0,completion_score,Cyordin,Dragonscarred,US-Whisperwind
342,344.0,completion_score,Ishyl,Authentic,US-Mal'Ganis
343,345.0,completion_score,Jollakeratu,Advanced Campfire,US-Rexxar
344,346.0,completion_score,Foregone,Regal Mission,US-Ghostlands
345,347.0,completion_score,Dimitros,Pig and Whistle Society,US-Kirin Tor
346,348.0,completion_score,Schnaps,Mute,US-Khadgar
347,349.0,completion_score,Caedhros,just bloodlust,US-Rexxar
348,350.0,completion_score,Shriekmaw,ACORNS,US-Stormrage
349,351.0,completion_score,Zenurio,Xarxet,US-Warsong
350,352.0,completion_score,Sìlk,We Gucci,US-Kil'jaeden
351,353.0,completion_score,Jaciel,Glitterati,US-Thorium Brotherhood
352,354.0,completion_score,Dondrapersr,Storm Federation,US-Nordrassil
353,355.0,completion_score,Snooptrogg,Mortifera,US-Draka
354,356.0,completion_score,Budgy,Thorns of Gold,US-Caelestrasz
355,357.0,completion_score,Louane,El Anillo,US-Quel'Thalas
356,358.0,completion_score,Nolie,Angelic Wrath,US-Arygos
357,359.0,completion_score,Judester,Denial of Service,US-Burning Blade
358,360.0,completion_score,Artemecia,The Hallowed Core,US-Dalaran
359,361.0,completion_score,Silverstorm,The Gang Tries Raiding,US-Khadgar
360,362.0,completion_score,Kajoko,Scotch and Soda,US-Whisperwind
361,363.0,completion_score,Nettreck,,US-Eonar
362,364.0,completion_score,Foxflower,Pieuvre,US-Kargath
363,365.0,completion_score,Kupkaix,Nazgûl,US-Frostmourne
364,366.0,completion_score,Baxal,Viva La Hueva,US-Quel'Thalas
365,367.0,completion_score,Osatox,Temerity,US-Hyjal
366,368.0,completion_score,Edaramar,Zero Percent Wipes,US-Zul'jin
367,369.0,completion_score,Taloson,UBS,US-Caelestrasz
368,370.0,completion_score,Sonya,Flagged,US-Thrall
369,371.0,completion_score,Catsclaw,Relentless,US-Silver Hand
370,372.0,completion_score,Greef,Ruinnation,US-Sargeras
371,373.0,completion_score,Mwawka,Vitality,US-Sentinels
372,374.0,completion_score,Kaisharga,Prompt Critical,US-Draenor
373,375.0,completion_score,Kharedis,Tax Collector,US-Azralon
374,376.0,completion_score,Luxetveritas,Nevermind,US-Lightbringer
375,377.0,completion_score,Delirium,Raining Chaos,US-Cenarius
376,378.0,completion_score,Oscassey,Ludicrous Speed,US-Skullcrusher
377,379.0,completion_score,Rokki,Eagle Eye,US-Arygos
378,380.0,completion_score,Satine,Pokèmon U,US-Llane
379,381.0,completion_score,Hesdeyel,Band of Pirates,US-Staghelm
380,382.0,completion_score,Grayson,Ours Is The Fury,US-Turalyon
381,383.0,completion_score,Djanga,Electrotuned,US-Kargath
382,384.0,completion_score,Leydenjar,Defenders of The Pass,US-Eldre'Thalas
383,385.0,completion_score,Shymary,Casual Hex,US-Bloodhoof
384,386.0,completion_score,Dorixi,The Riddle of Steel,US-Nazgrel
385,387.0,completion_score,Priestvic,JACOBS LADDER,US-Aggramar
386,388.0,completion_score,Atkor,Rez,US-Magtheridon
387,389.0,completion_score,Aloak,Cuz Evil is Fun,US-Bladefist
388,390.0,completion_score,Tegius,Rogue Angels,US-Proudmoore
389,391.0,completion_score,Yavannä,Zandalaris de la Cumbia,US-Ragnaros
390,392.0,completion_score,Mooni,Purple Reígn,US-Whisperwind
391,393.0,completion_score,Macstallion,Melee Mechanics,US-Illidan
392,394.0,completion_score,Bimu,KOSS,US-The Venture Co
393,395.0,completion_score,Anay,Pandamonium,US-Anetheron
394,396.0,completion_score,Antihelena,Death By Chocolate,US-Dalaran
395,397.0,completion_score,Koory,Crisp,US-Baelgun
396,398.0,completion_score,Borlonx,El tiempo es Dinero,US-Quel'Thalas
397,399.0,completion_score,Yunyuuzhan,Exalted Order,US-Aggramar
398,400.0,completion_score,Yarini,Legacy Reborn,US-Area 52
399,,completion_score,,,
400,401.0,completion_score,Hygeiah,Alpha,US-Whisperwind
401,402.0,completion_score,Chàmp,Engineering Madness,US-Drenden
402,403.0,completion_score,Shuiyun,Squabble Squad,US-Sargeras
403,404.0,completion_score,Darnassia,High Council of Kaldorei,US-Blade's Edge
404,405.0,completion_score,Xanetia,Clan of the Red Dragon,US-Malygos
405,406.0,completion_score,Randir,We Have a Tabard,US-Doomhammer
406,407.0,completion_score,Waynebrady,Dark Nemesis,US-Bloodhoof
407,408.0,completion_score,Gammstein,From Chaos,US-Suramar
408,409.0,completion_score,Shaketotem,Obsidium,US-Thrall
409,410.0,completion_score,Camikins,Denial of Service,US-Burning Blade
410,411.0,completion_score,Raskolnikovs,We Used To Be Good,US-Whisperwind
411,412.0,completion_score,Chirrho,Eclipsis,US-Wyrmrest Accord
412,413.0,completion_score,Haiume,From Ashes,US-Nemesis
413,414.0,completion_score,Slumber,Acquisition,US-Proudmoore
414,415.0,completion_score,Skatejawn,Unlucky,US-Illidan
415,416.0,completion_score,Argalos,Knights Brigade,US-Kael'thas
416,417.0,completion_score,Kirsti,The Blacktooth Grin,US-Bleeding Hollow
417,418.0,completion_score,Lysaeur,Pride of Proudmoore,US-Proudmoore
418,419.0,completion_score,Aribella,Soulbound,US-Malygos
419,420.0,completion_score,Lariusmage,Browncoats,US-Stormrage
420,421.0,completion_score,Bensuprarz,Fate,US-Frostmourne
421,422.0,completion_score,Zadai,Team B,US-Bloodhoof
422,423.0,completion_score,Trauk,Strawberry Puppy Kisses,US-Area 52
423,424.0,completion_score,Evolyn,The Anti Drama Society,US-Proudmoore
424,425.0,completion_score,Seartalon,Dragon Millennium,US-Caelestrasz
425,,completion_score,,,
426,426.0,completion_score,Nemasis,Crew Gaming,US-Darkspear
427,427.0,completion_score,Camwhorde,Goon Bag Squad,US-Khaz'goroth
428,428.0,completion_score,Iilara,Reckless Recluses,US-Silver Hand
429,429.0,completion_score,Izzam,Impromptu Vigilance,US-Muradin
430,430.0,completion_score,Chondra,Contraband,US-Zangarmarsh
431,431.0,completion_score,Roquan,Outlandish,US-Velen
432,432.0,completion_score,Madone,Horizon,US-Zul'jin
433,433.0,completion_score,Yojumbo,Sic Parvis Magna,US-Dalaran
434,434.0,completion_score,Ozwi,Forsaken Dreams,US-Draenor
435,435.0,completion_score,Zuegalak,Resurrection,US-Kilrogg
436,436.0,completion_score,Christiane,Sovereign,US-Bloodhoof
437,437.0,completion_score,Genidus,Team Rocket,US-Icecrown
438,438.0,completion_score,Elvenheart,Chupacabra,US-Stormreaver
439,439.0,completion_score,Loganisis,Motivate me,US-Whisperwind
440,440.0,completion_score,Vicara,Edict,US-Moon Guard
441,441.0,completion_score,Deeptrance,Punishers,US-Proudmoore
442,442.0,completion_score,Thunderkrush,Really Bad Players,US-Area 52
443,443.0,completion_score,Taterpuffs,Defenestrate,US-Tichondrius
444,444.0,completion_score,Stikman,So Fancy,US-Khaz Modan
445,445.0,completion_score,Nightmehr,Taunt On Two,US-Alleria
446,446.0,completion_score,Elgrunto,Bear Cavalry,US-Draka
447,447.0,completion_score,Zulu,Try Harder,US-Frostmourne
448,448.0,completion_score,Warstar,Serenity,US-Ysera
449,449.0,completion_score,Nephairy,Aww yeah,US-Misha
450,450.0,completion_score,Bevee,Black Phoenix,US-Argent Dawn
451,,completion_score,,,
452,451.0,completion_score,Oseu,Prompt Critical,US-Draenor
453,452.0,completion_score,Hyrcyne,Remastered,US-Llane
454,453.0,completion_score,Penthea,Blackstone Irregulars,US-Moon Guard
455,454.0,completion_score,Raei,Denial of Service,US-Burning Blade
456,455.0,completion_score,Kaileey,The Forsaken Blade,US-Aerie Peak
457,456.0,completion_score,Deathfier,United We Loot,US-Stormrage
458,457.0,completion_score,Raela,Devotion,US-Area 52
459,458.0,completion_score,Vallorien,Tenacity,US-Velen
460,459.0,completion_score,Kagini,Olympus,US-Blade's Edge
461,460.0,completion_score,Makeover,SCH,US-Bleeding Hollow
462,461.0,completion_score,Spiceice,HC,US-Burning Legion
463,462.0,completion_score,Sevan,Two Minute Warning,US-Thunderhorn
464,463.0,completion_score,Lotha,Nightmare,US-Stormscale
465,464.0,completion_score,Trichuris,Ethos,US-Kargath
466,465.0,completion_score,Beyna,Capital Vices,US-Gorefiend
467,466.0,completion_score,Zimzane,Table for One,US-Mok'Nathal
468,467.0,completion_score,Badadin,Elysium,US-Hyjal
469,468.0,completion_score,Narcosis,Dragon Knight,US-Boulderfist
470,469.0,completion_score,Convyr,Bad Karma,US-Arathor
471,470.0,completion_score,Allendril,Subtle Tea,US-Borean Tundra
472,471.0,completion_score,Unbleed,Insurgency,US-Bladefist
473,472.0,completion_score,Glennhelen,The Templar Knights,US-Fenris
474,473.0,completion_score,Chiptune,Order of Chaos,US-The Forgotten Coast
475,474.0,completion_score,Tonnes,Get Well Soon,US-Sargeras
476,475.0,completion_score,Branalia,Occams Razor,US-Kel'Thuzad
477,476.0,completion_score,Stephiê,SACRED,US-Baelgun
478,477.0,completion_score,Fíriel,Angels of Azeroth,US-Cenarius
479,478.0,completion_score,Yellek,Ember,US-Zul'jin
480,478.0,completion_score,Fuzzybuddy,Avendesora,US-Elune
481,480.0,completion_score,Khlammy,Plan Bee,US-Lothar
482,481.0,completion_score,Nereeza,Intense Intents In Tents,US-Aerie Peak
483,482.0,completion_score,Yserym,HARD CORE,US-Zuluhed
484,483.0,completion_score,Herzattacken,Tat Tvam Asi,US-Mal'Ganis
485,484.0,completion_score,Lonîe,Wïping as Intended,US-Area 52
486,485.0,completion_score,Thrallsauce,We Represent,US-Malygos
487,486.0,completion_score,Tatahe,Might,US-Zul'jin
488,487.0,completion_score,Nightgecko,Amnesty,US-Elune
489,488.0,completion_score,Pheiona,CSI Warlords,US-Azralon
490,489.0,completion_score,Shinyterp,Helms Elite,US-Whisperwind
491,490.0,completion_score,Barathiel,Shadow Order,US-Kirin Tor
492,491.0,completion_score,Mygiraffe,Vindicatum,US-Icecrown
493,492.0,completion_score,Altobeldin,Esquire,US-Mannoroth
494,493.0,completion_score,Eljee,BlameRoll,US-Proudmoore
495,494.0,completion_score,Vosslorn,Dor Belore lo Shar,US-Wyrmrest Accord
496,495.0,completion_score,Calesta,Coven,US-Vek'nilash
497,496.0,completion_score,Tiusele,Ascended,US-Bonechewer
498,497.0,completion_score,Warwonka,No Turning Back,US-Sargeras
499,498.0,completion_score,Loula,Bloodbound,US-Silver Hand
500,499.0,completion_score,Jupora,Nevermore,US-Trollbane
501,500.0,completion_score,Draxxel,bear in a HAT,US-Nesingwary
502,,completion_score,,,
