"1.0","","Billym","Overcoming","US-Azralon","33585.0"
"1.0","","Klydasaurus","HC","US-Mal'Ganis","33585.0"
"3.0","","Qeb","Merely a Setback","US-Thaurissan","33545.0"
"4.0","","Mariajones","Bajheeras Army","US-Darkspear","33485.0"
"5.0","","Ribsx","Might","US-Zul'jin","33475.0"
"6.0","","Ataxxus","Strawberry Puppy Kisses","US-Area 52","33465.0"
"7.0","","Niandre","Centurion Knights","US-Frostmourne","33445.0"
"8.0","","Fortheglory","Bros with Banjos","US-Laughing Skull","33415.0"
"9.0","","Rankshaman","Vision","US-Thrall","33410.0"
"10.0","","Dirtyb","Defenestrate","US-Tichondrius","33405.0"
"11.0","","Raei","Denial of Service","US-Burning Blade","33365.0"
"11.0","","Sheex","Discord","US-Burning Legion","33365.0"
"13.0","","Alkapoon","Bridge Four","US-Mannoroth","33360.0"
"14.0","","Cleoboltra","Occasional Excellence","US-Turalyon","33350.0"
"15.0","","Deathmaker","Essence","US-Tichondrius","33345.0"
"16.0","","Osatox","Temerity","US-Hyjal","33335.0"
"16.0","","Chairmanjeff","Semantics","US-Mal'Ganis","33335.0"
"18.0","","Trauk","Strawberry Puppy Kisses","US-Area 52","33325.0"
"19.0","","Macstallion","Melee Mechanics","US-Illidan","33305.0"
"20.0","","Trystanya","Blood Rich","US-Area 52","33285.0"
"21.0","","Inflammo","Destinys Bane","US-Skullcrusher","33280.0"
"22.0","","Easyfreeze","","US-Sargeras","33255.0"
"23.0","","Flavoflav","Valorborn","US-Proudmoore","33240.0"
"24.0","","Vyns","Crimson Company","US-Spirestone","33230.0"
"25.0","","Galifen","Rocket Surgeons","US-Executus","33205.0"
"26.0","","Oraculus","Group Two","US-Draka","33185.0"
"27.0","","Bevee","Black Phoenix","US-Argent Dawn","33150.0"
"27.0","","Happysmiles","Friend Zone","US-Stormrage","33150.0"
"29.0","","Gaulish","Regression","US-Bloodscalp","33145.0"
"29.0","","Indygochild","Crisp","US-Baelgun","33145.0"
"31.0","","Xenocrates","Vanilla Dev Team","US-Illidan","33130.0"
"32.0","","Chiptune","Order of Chaos","US-The Forgotten Coast","33110.0"
"33.0","","Dratak","The Other Guys","US-Haomarush","33095.0"
"33.0","","Pheiona","CSI Warlords","US-Azralon","33095.0"
"33.0","","Xwn","Proud Manlets","US-Kel'Thuzad","33095.0"
"36.0","","Alumenlux","Seraph","US-Mal'Ganis","33090.0"
"37.0","","Tesserae","Goon Squad","US-Mal'Ganis","33085.0"
"37.0","","Fläx","Praetorian Guards","US-Sargeras","33085.0"
"37.0","","Taras","Cry Moar","US-Blackhand","33085.0"
"40.0","","Pennyweis","Mehwinter","US-Sargeras","33080.0"
"41.0","","Velar","Lyric","US-Illidan","33055.0"
"42.0","","Finity","Defer Death","US-Zul'jin","33035.0"
"43.0","","Tau","THE STIG","US-Suramar","33025.0"
"43.0","","Bubbes","Turbo Cyborg Ninjas","US-Ner'zhul","33025.0"
"43.0","","Hodor","Light Brigade","US-Moon Guard","33025.0"
"46.0","","Yarini","Legacy Reborn","US-Area 52","33020.0"
"47.0","","Transmog","League of Best Friends","US-Gundrak","33015.0"
"48.0","","Spekgawd","Scuffed","US-Emerald Dream","33010.0"
"49.0","","Wildroot","Happy Tree Friends","US-Detheroc","32985.0"
"50.0","","Devotchke","Serious Casual","US-Mal'Ganis","32980.0"
"51.0","","Spiceice","HC","US-Burning Legion","32970.0"
"52.0","","Luxetveritas","Nevermind","US-Lightbringer","32965.0"
"53.0","","Boodizz","Early Night","US-Frostmourne","32960.0"
"54.0","","Ryken","Southern Comfort","US-Stormrage","32945.0"
"54.0","","Madone","Horizon","US-Zul'jin","32945.0"
"56.0","","Fraan","KILLERS","US-Cenarius","32930.0"
"57.0","","Knifèparty","Disorderly","US-Zul'jin","32905.0"
"57.0","","Rexy","Rexy and Friends","US-Frostmourne","32905.0"
"59.0","","Dejavudoo","Crimson","US-Frostmourne","32900.0"
"60.0","","Devastata","Discord","US-Jaedenar","32895.0"
"61.0","","Stranko","Pixel Frenzy","US-Bleeding Hollow","32880.0"
"61.0","","Akatssuki","WeebUnited","US-Mal'Ganis","32880.0"
"63.0","","Warwonka","No Turning Back","US-Sargeras","32875.0"
"64.0","","Amorfirion","watch me","US-Frostmourne","32870.0"
"64.0","","Shoogen","Engineering Madness","US-Drenden","32870.0"
"66.0","","Taterpuffs","Defenestrate","US-Tichondrius","32865.0"
"67.0","","Cosimo","Melee Mechanics","US-Illidan","32850.0"
"67.0","","Jobie","Malice","US-Sargeras","32850.0"
"67.0","","Luxzuria","Might","US-Zul'jin","32850.0"
"70.0","","Kupkaix","Nazgûl","US-Frostmourne","32830.0"
"70.0","","Priv","The Early Shift","US-Bleeding Hollow","32830.0"
"72.0","","Raym","Apotheosis","US-Eldre'Thalas","32825.0"
"73.0","","Natima","Engineering Madness","US-Drenden","32810.0"
"73.0","","Reconbravo","Currently Online","US-Illidan","32810.0"
"73.0","","Lilgushy","Casual Achievement","US-Area 52","32810.0"
"76.0","","Edwal","Hodor","US-Frostmourne","32805.0"
"77.0","","Torvald","Thunder Billies","US-Deathwing","32795.0"
"77.0","","Vanas","End It All","US-Stormrage","32795.0"
"79.0","","Knockdowner","","US-Illidan","32785.0"
"80.0","","Spiders","Rexy and Friends","US-Frostmourne","32775.0"
"80.0","","Ivanetta","Business Class","US-Sargeras","32775.0"
"82.0","","Riggoheal","High Five","US-Stormrage","32750.0"
"83.0","","Koory","Crisp","US-Baelgun","32745.0"
"84.0","","Migz","The Crimson Lotus","US-Illidan","32735.0"
"85.0","","Youkeyoh","Angry","US-Illidan","32730.0"
"86.0","","Linath","Battle Kittens","US-Sargeras","32705.0"
"87.0","","Licks","The Blood Council","US-Illidan","32700.0"
"87.0","","Scissorz","Valhalas","US-Hyjal","32700.0"
"89.0","","Sinin","Celestials","US-Kel'Thuzad","32685.0"
"90.0","","Tirnina","GSG","US-Proudmoore","32680.0"
"91.0","","Stratokvn","","US-Ragnaros","32655.0"
"92.0","","Bidish","I M A G I N E","US-Area 52","32645.0"
"93.0","","Ogradá","Ograda Horde","US-Azralon","32635.0"
"94.0","","Kittanya","Rally","US-Dalaran","32615.0"
"94.0","","Skatejawn","Unlucky","US-Illidan","32615.0"
"96.0","","Elvenheart","Chupacabra","US-Stormreaver","32595.0"
"97.0","","Onitenshi","Pleblords","US-Stormscale","32560.0"
"97.0","","Tessorak","Tis But A Scratch","US-Sargeras","32560.0"
"97.0","","Calesta","Coven","US-Vek'nilash","32560.0"
"100.0","","Alogagain","Phalanx","US-Saurfang","32550.0"
"101.0","","Traw","SCH","US-Bleeding Hollow","32545.0"
"102.0","","Tinyhotdot","Get Well Soon","US-Sargeras","32540.0"
"103.0","","Athenà","","US-Azralon","32525.0"
"104.0","","Czaafum","Resistance","US-Hyjal","32520.0"
"105.0","","Korrant","RUINOUS","US-Stormrage","32510.0"
"105.0","","Aeriane","Keep Calm","US-Spirestone","32510.0"
"105.0","","Suzumiyaharu","Demogorgon","US-Tichondrius","32510.0"
"108.0","","Iressaa","From Chaos","US-Suramar","32505.0"
"109.0","","Hùrin","Unity","US-Ragnaros","32500.0"
"110.0","","Myfurion","Evenfall","US-Sargeras","32490.0"
"111.0","","Knewbee","Sovereign Unity","US-Emerald Dream","32485.0"
"112.0","","Jjookkeerr","CataAchieva","US-Maelstrom","32475.0"
"112.0","","Zerkom","Symbiotic","US-Thrall","32475.0"
"114.0","","Runìcpower","Turbulence","US-Trollbane","32455.0"
"114.0","","Kíriana","Convergence","US-Khaz'goroth","32455.0"
"114.0","","Cannicus","Merely a Setback","US-Thaurissan","32455.0"
"117.0","","Tyrent","Reloaded","US-Whisperwind","32450.0"
"117.0","","Meninas","","US-Stonemaul","32450.0"
"117.0","","Voidymort","","US-Frostmourne","32450.0"
"120.0","","Hygeiah","Alpha","US-Whisperwind","32430.0"
"121.0","","Rollexx","Limited Liability","US-Sargeras","32425.0"
"122.0","","Wubs","Tortured Reality","US-Jubei'Thos","32420.0"
"123.0","","Kerigann","Victorious Secret","US-Moon Guard","32415.0"
"123.0","","Picoglad","Gardiens du Lys","US-Zul'jin","32415.0"
"125.0","","Shaketotem","Obsidium","US-Thrall","32405.0"
"126.0","","Silverz","Remnants of the Fallen","US-Shadowmoon","32400.0"
"127.0","","Íllîdån","Ascendance","US-Uther","32390.0"
"128.0","","Azglok","Resistance","US-Hyjal","32375.0"
"129.0","","Xelriel","","US-Dalaran","32365.0"
"130.0","","Gersin","Defenestrate","US-Tichondrius","32360.0"
"130.0","","Kaiandra","Ameliorate","US-Bronzebeard","32360.0"
"132.0","","Melchey","","US-Zul'jin","32355.0"
"133.0","","Vocal","Baddies","US-Stormreaver","32345.0"
"134.0","","Doombringerx","Alliance Lives Matter","US-Stormrage","32330.0"
"135.0","","Spanko","Bearly Acceptable","US-Kil'jaeden","32315.0"
"136.0","","Beep","Restricted","US-Frostmourne","32310.0"
"137.0","","Shadowind","Hydra","US-Azralon","32305.0"
"137.0","","Halkal","Rutilus Luna","US-Twisting Nether","32305.0"
"137.0","","Kråtös","Game Over","US-Proudmoore","32305.0"
"140.0","","Eròs","Vulgar","US-Sargeras","32300.0"
"141.0","","Lightway","Bones","US-Stormrage","32295.0"
"142.0","","Bekstar","Squad Goals","US-Nagrand","32250.0"
"143.0","","Sickofmeyet","NFA","US-Lightbringer","32245.0"
"144.0","","Alathis","The Family Business","US-Sargeras","32240.0"
"145.0","","Mass","Crisp","US-Baelgun","32235.0"
"146.0","","Vicara","Edict","US-Moon Guard","32225.0"
"147.0","","Goope","Bank of Goop","US-Proudmoore","32210.0"
"148.0","","Khallthas","Dominance Hotel","US-Kel'Thuzad","32205.0"
"149.0","","Zarillion","Trash Mob Death Machine","US-Illidan","32195.0"
"149.0","","Awsika","Afro Ninjas","US-Lethon","32195.0"
"151.0","","Solaira","Crisp","US-Baelgun","32190.0"
"152.0","","Marothius","Unrated","US-Nathrezim","32175.0"
"152.0","","Akiruwu","Ethical","US-Frostmourne","32175.0"
"154.0","","Quidamtyra","Turbo Cyborg Ninjas","US-Ner'zhul","32170.0"
"154.0","","Peeyow","War Den","US-Stormrage","32170.0"
"156.0","","Drizzi","Action Team Broforce","US-Thrall","32160.0"
"157.0","","Arobynn","Arcane Council","US-Dath'Remar","32155.0"
"158.0","","Sukino","Overcoming","US-Azralon","32150.0"
"159.0","","Mygiraffe","Vindicatum","US-Icecrown","32115.0"
"160.0","","Virilher","Tyranny","US-Bleeding Hollow","32110.0"
"160.0","","Tamiller","ugh","US-Proudmoore","32110.0"
"162.0","","Arganthe","Rise Above","US-Azralon","32105.0"
"162.0","","Stab","Warpath","US-Illidan","32105.0"
"164.0","","Online","Infinity","US-Mannoroth","32100.0"
"164.0","","Kelly","Halcyon","US-Mok'Nathal","32100.0"
"166.0","","Gammstein","From Chaos","US-Suramar","32095.0"
"167.0","","Nightgecko","Amnesty","US-Elune","32085.0"
"167.0","","Hyskamir","Blackrock Cartel","US-Kilrogg","32085.0"
"169.0","","Mortalbane","Formality","US-Proudmoore","32080.0"
"170.0","","Jamuestus","Scripted Encounter","US-Area 52","32065.0"
"171.0","","Teelo","We have girls","US-Jubei'Thos","32050.0"
"172.0","","Blooddisease","Rexy and Friends","US-Frostmourne","32045.0"
"173.0","","Druidcaste","Imperial Guard","US-Azralon","32035.0"
"174.0","","Friggencute","Battle Kittens","US-Sargeras","32010.0"
"175.0","","Tydiz","Relevant","US-Frostmourne","31990.0"
"176.0","","Xegonie","Third Times the Charm","US-Emerald Dream","31965.0"
"176.0","","Blackhãnd","","US-Illidan","31965.0"
"178.0","","Badadin","Elysium","US-Hyjal","31960.0"
"178.0","","Lycanroc","Mything Persons","US-Kul Tiras","31960.0"
"178.0","","Robhunter","Unicorn Seven","US-Illidan","31960.0"
"181.0","","Sallust","Serious Casual","US-Mal'Ganis","31950.0"
"181.0","","Penguinpal","Divergence","US-Area 52","31950.0"
"181.0","","Yata","Untold Prophecy","US-Zul'jin","31950.0"
"181.0","","Camikins","Denial of Service","US-Burning Blade","31950.0"
"185.0","","Treborlock","Engineering Madness","US-Drenden","31945.0"
"185.0","","Grakusgg","Rally","US-Dalaran","31945.0"
"187.0","","Wuvs","FG","US-Stormrage","31940.0"
"187.0","","Letsshot","Complete Panic","US-Spinebreaker","31940.0"
"187.0","","Sikwit","Tabbed Out","US-Bleeding Hollow","31940.0"
"190.0","","Mahota","Slurp","US-Bleeding Hollow","31925.0"
"190.0","","Zxane","Hostility","US-Barthilas","31925.0"
"192.0","","Lockael","Betrayal","US-Frostmourne","31920.0"
"193.0","","Podnov","i am protagonist pls no","US-Scarlet Crusade","31910.0"
"194.0","","Shintorg","Expiation","US-Aggramar","31905.0"
"195.0","","Vexice","Symbiotic","US-Destromath","31890.0"
"195.0","","Thauronis","Kryptos","US-Llane","31890.0"
"197.0","","Realmentrust","Honestly","US-Frostmourne","31885.0"
"198.0","","Heavendawn","Bonus Stage","US-Stormrage","31850.0"
"199.0","","Madawk","Vulgar","US-Sargeras","31845.0"
"200.0","","Nightmehr","Taunt On Two","US-Alleria","31840.0"
"201.0","","Soulyouth","Early Night","US-Frostmourne","31825.0"
"201.0","","Weatherworn","Way of the Sword","US-Steamwheedle Cartel","31825.0"
"203.0","","Asmongold","Indestructible","US-Kel'Thuzad","31810.0"
"204.0","","Stigid","Game Over","US-Proudmoore","31805.0"
"205.0","","Buuloki","Honestly","US-Frostmourne","31780.0"
"206.0","","Klonkk","Death Jesters","US-Stormrage","31775.0"
"206.0","","Ayzén","Final Heaven","US-Goldrinn","31775.0"
"206.0","","Shinyterp","Helms Elite","US-Whisperwind","31775.0"
"209.0","","Cuelhoo","brb my fish is drowning","US-Azralon","31770.0"
"210.0","","Aetorus","Inconceivable","US-Bloodhoof","31745.0"
"211.0","","Bensuprarz","Fate","US-Frostmourne","31735.0"
"211.0","","Kilriella","g e n o c i d e","US-Wildhammer","31735.0"
"213.0","","Reignitus","Annihilation","US-Burning Blade","31730.0"
"213.0","","Scapha","Darkwind","US-Wyrmrest Accord","31730.0"
"215.0","","Archmage","Rise Above","US-Azralon","31720.0"
"215.0","","Finesthour","Vindicatum","US-Icecrown","31720.0"
"217.0","","Fightox","Atrophy","US-Stormrage","31715.0"
"217.0","","Tatahe","Might","US-Zul'jin","31715.0"
"219.0","","Misao","Kuro no Kishidan","US-Azralon","31710.0"
"219.0","","Loknesdotser","","US-Illidan","31710.0"
"221.0","","Kibba","Functional","US-Stormrage","31705.0"
"222.0","","Blassphamy","Inebriated Raiding","US-Cho'gall","31700.0"
"223.0","","Selbink","Friend Zone","US-Stormrage","31695.0"
"224.0","","Shatterskull","The Old Timers Guild","US-Kul Tiras","31685.0"
"225.0","","Tyranor","Celestials","US-Kel'Thuzad","31680.0"
"225.0","","Lenlaar","Pie Vendor","US-Shadowsong","31680.0"
"227.0","","Megalich","Anømaly","US-Quel'Thalas","31670.0"
"227.0","","Lils","Hyrulian Knights","US-Sentinels","31670.0"
"229.0","","Caprotina","Discretion Advised","US-Shu'halo","31660.0"
"229.0","","Olichius","We Have a Tabard","US-Doomhammer","31660.0"
"231.0","","Nineinchnail","Primal Might","US-Exodar","31645.0"
"232.0","","Morgiana","Army Of Heroes","US-Maiev","31630.0"
"232.0","","Censor","Reload","US-Dalaran","31630.0"
"234.0","","Patternho","Tribe of Women","US-Burning Blade","31610.0"
"235.0","","Eillaruaa","Starting Zone Survivors","US-Area 52","31605.0"
"236.0","","Adriyel","","US-Lightbringer","31600.0"
"236.0","","Quizzical","Unhallowed","US-Misha","31600.0"
"238.0","","Adam","Nurfed","US-Tichondrius","31590.0"
"239.0","","Exetrage","Ruination","US-Baelgun","31585.0"
"239.0","","Ky","Renegades","US-Trollbane","31585.0"
"241.0","","Lethander","Baby Sharks","US-Sargeras","31570.0"
"242.0","","Brewce","E X A L T E D","US-Aman'Thul","31560.0"
"243.0","","Casandra","Progression","US-Stormrage","31550.0"
"244.0","","Mugmanimus","Ångst","US-Kil'jaeden","31520.0"
"244.0","","Baxal","Viva La Hueva","US-Quel'Thalas","31520.0"
"246.0","","Darckli","Defenestrate","US-Tichondrius","31515.0"
"246.0","","Jykupajr","Friend Zone","US-Stormrage","31515.0"
"248.0","","Rawrbewbz","Saronite Bomb Squad","US-Caelestrasz","31500.0"
"249.0","","Cuckems","Right Meow","US-Kel'Thuzad","31495.0"
"250.0","","Fleurblossom","La Vie en Rose","US-Emerald Dream","31490.0"
"251.0","","Ismara","HTF","US-Ragnaros","31485.0"
"251.0","","Tats","Vindicatum","US-Icecrown","31485.0"
"253.0","","Dartt","Oathsworn","US-Azjol-Nerub","31480.0"
"254.0","","Gabriellex","Luna","US-Lightbringer","31475.0"
"255.0","","Crooked","Frostwolves","US-Saurfang","31460.0"
"255.0","","Alraec","Better Late Than Never","US-Earthen Ring","31460.0"
"257.0","","Taranani","Intent","US-Kil'jaeden","31450.0"
"258.0","","Narcosis","Dragon Knight","US-Boulderfist","31445.0"
"258.0","","Kajoko","Scotch and Soda","US-Whisperwind","31445.0"
"260.0","","Adezero","Rivalry","US-Kil'jaeden","31440.0"
"261.0","","Thaneroland","Blood Rich","US-Area 52","31435.0"
"262.0","","Gløøms","Unity","US-Ragnaros","31430.0"
"263.0","","Volkanyr","Knights Who Say Yee","US-Kel'Thuzad","31425.0"
"264.0","","Felraiser","Death Jesters","US-Stormrage","31415.0"
"265.0","","Lomankha","Syndicated","US-Arthas","31410.0"
"265.0","","Partycrasher","Devout","US-Sargeras","31410.0"
"267.0","","Modor","Solitude","US-Wyrmrest Accord","31395.0"
"268.0","","Marzipans","Melee Mechanics","US-Illidan","31390.0"
"269.0","","Vamas","","US-Sargeras","31385.0"
"269.0","","Chaotic","Collectors from Azeroth","US-Tol Barad","31385.0"
"271.0","","Jugeum","Game Over","US-Proudmoore","31375.0"
"271.0","","Zalndraeda","Ngon Nhào Zô","US-Barthilas","31375.0"
"273.0","","Liiukang","Thunder Kiss","US-Area 52","31370.0"
"274.0","","Baeldun","Angelic Fury","US-Stormreaver","31365.0"
"275.0","","Zoddy","Cadia","US-Sargeras","31360.0"
"276.0","","Wilhuff","Tribe","US-Burning Legion","31355.0"
"276.0","","Senile","Fist Of Thrall","US-Gilneas","31355.0"
"276.0","","Demiin","Spuds","US-Barthilas","31355.0"
"279.0","","Larxe","Convergence","US-Dath'Remar","31350.0"
"279.0","","Jaheesh","Hubris","US-Dalaran","31350.0"
"281.0","","Meggle","Sanctimonious","US-Sargeras","31345.0"
"281.0","","Livec","Beyond","US-Lightbringer","31345.0"
"283.0","","Heckla","Liberty and Allegiance","US-Proudmoore","31335.0"
"284.0","","Kamboozle","Betrayal","US-Frostmourne","31325.0"
"285.0","","Camwhorde","Goon Bag Squad","US-Khaz'goroth","31315.0"
"286.0","","Serrafina","We Have Fun Here","US-Proudmoore","31310.0"
"287.0","","Rukitsumi","Anømaly","US-Quel'Thalas","31305.0"
"287.0","","Korg","Seagull Death Squad","US-Jubei'Thos","31305.0"
"289.0","","Ferael","Final Heaven","US-Goldrinn","31295.0"
"289.0","","Coolskyy","Ethos","US-Kargath","31295.0"
"291.0","","Crimsonfist","Pacte Des Loups","US-Shattered Hand","31290.0"
"292.0","","Nerilyn","Revoada","US-Azralon","31285.0"
"293.0","","Zugmaster","Shots Fired","US-Shattered Hand","31275.0"
"294.0","","Glidelicator","No MAAM","US-Dath'Remar","31270.0"
"294.0","","Noterb","Phalanx","US-Saurfang","31270.0"
"296.0","","Calade","Juxtapose","US-Illidan","31265.0"
"296.0","","Zadai","Team B","US-Bloodhoof","31265.0"
"298.0","","Icesickle","Forbidden Army","US-Barthilas","31260.0"
"298.0","","Scotlandthre","Infusion","US-Khaz Modan","31260.0"
"298.0","","Deathnarok","My Little Pwnies","US-The Scryers","31260.0"
"301.0","","Baelof","Damage Incorporated","US-Feathermoon","31255.0"
"301.0","","Lueko","Power Word Gravy","US-Frostmourne","31255.0"
"303.0","","Coldwind","Last Call","US-Kilrogg","31245.0"
"303.0","","Aelithice","Onineko","US-Barthilas","31245.0"
"305.0","","Ariennelenna","Crimson Fury","US-Dragonblight","31240.0"
"306.0","","Brosum","Indestructible","US-Kel'Thuzad","31235.0"
"306.0","","Kinetic","Resist","US-Duskwood","31235.0"
"308.0","","Sanohtak","Enigmatic Hostility","US-Nagrand","31230.0"
"309.0","","Rasik","Exiles","US-Medivh","31220.0"
"309.0","","Skycaptaín","Exiled Alliance","US-Lightbringer","31220.0"
"309.0","","Drycroft","Thrylos","US-Quel'Thalas","31220.0"
"309.0","","Memoboy","Evenfall","US-Sargeras","31220.0"
"313.0","","Striker","Volatile","US-Whisperwind","31205.0"
"314.0","","Rylle","Evenfall","US-Sargeras","31195.0"
"315.0","","Tiusele","Ascended","US-Bonechewer","31190.0"
"315.0","","Burzgul","Full Murloc","US-Zul'jin","31190.0"
"317.0","","Solestri","The Cabal","US-Frostmourne","31185.0"
"318.0","","Khaliah","The Driven","US-Kel'Thuzad","31180.0"
"318.0","","Akihisa","The Exiled","US-Arthas","31180.0"
"320.0","","Sargento","No Big Deal","US-Stormrage","31175.0"
"320.0","","Chuckler","Midnight Crew","US-Fizzcrank","31175.0"
"322.0","","Sarasvathy","Exiled Social Club","US-Ragnaros","31165.0"
"322.0","","Drainean","Ascended","US-Sargeras","31165.0"
"324.0","","Spottedot","Unrivaled","US-Stormreaver","31160.0"
"325.0","","Sylvandras","The Empire","US-Garona","31150.0"
"326.0","","Wondercluck","Agents of Doom","US-Kilrogg","31145.0"
"327.0","","Souske","Evenfall","US-Sargeras","31140.0"
"327.0","","Mildrik","Crimson Fury","US-Dragonblight","31140.0"
"329.0","","Machomanran","Ember","US-Zul'jin","31135.0"
"330.0","","Jullet","Imperium","US-Stormrage","31130.0"
"331.0","","Edaramar","Zero Percent Wipes","US-Zul'jin","31125.0"
"331.0","","Bishojo","Engineering Madness","US-Drenden","31125.0"
"331.0","","Marracia","Army of the Night","US-Agamaggan","31125.0"
"334.0","","Sopa","Vulgar","US-Sargeras","31120.0"
"335.0","","Aldaric","","US-Thrall","31115.0"
"336.0","","Villden","Gringotts","US-Barthilas","31110.0"
"337.0","","Illidinha","Freelances","US-Stormrage","31105.0"
"337.0","","Pawrie","Get Well Soon","US-Sargeras","31105.0"
"339.0","","Judekin","Blood Legion","US-Illidan","31100.0"
"340.0","","Magetelum","Crisis Immortal","US-Proudmoore","31095.0"
"341.0","","Saluttorius","Damnation","US-Azralon","31090.0"
"342.0","","Dreknar","ONE","US-Firetree","31085.0"
"343.0","","Squigglyo","Monkey Clusters","US-Sargeras","31075.0"
"344.0","","Voorhees","American Pickers","US-Stormreaver","31065.0"
"345.0","","Adamax","","US-Tichondrius","31060.0"
"345.0","","Pharune","Eternal Keggers","US-Terenas","31060.0"
"345.0","","Madness","Children","US-Zul'jin","31060.0"
"348.0","","Sang","Complexity Limit","US-Illidan","31055.0"
"349.0","","Kenerek","Ouroboros","US-Proudmoore","31050.0"
"349.0","","Rytharon","United We Loot","US-Stormrage","31050.0"
"351.0","","Yellek","Ember","US-Zul'jin","31045.0"
"352.0","","Kotohito","Hubris","US-Dalaran","31040.0"
"353.0","","Eljee","BlameRoll","US-Proudmoore","31035.0"
"353.0","","Rodwarelf","DuskTillDawn","US-Aman'Thul","31035.0"
"353.0","","Sheleine","Pandamonium","US-Magtheridon","31035.0"
"356.0","","Katrinx","NFA","US-Lightbringer","31030.0"
"356.0","","Liandroa","Benevolence","US-Stormrage","31030.0"
"358.0","","Malilizi","Dominance Hotel","US-Kel'Thuzad","31025.0"
"359.0","","Cincinnatûs","PALS FOR LIFE","US-Kel'Thuzad","31015.0"
"360.0","","Orcbum","Koopa Troopa","US-Kil'jaeden","31010.0"
"361.0","","Jenyavu","Memento Vivere","US-Proudmoore","31000.0"
"361.0","","Shrom","Early Night","US-Frostmourne","31000.0"
"363.0","","Microaggress","Imperium","US-Stormrage","30995.0"
"364.0","","Shirito","Divinity","US-Kel'Thuzad","30990.0"
"364.0","","Ripillica","Forgotten Oaths","US-Azralon","30990.0"
"364.0","","Banappletini","Vindicatum","US-Malygos","30990.0"
"364.0","","Kastansa","RUIN Raiding","US-Stormrage","30990.0"
"368.0","","Ingweh","La Torre Oscura","US-Stormrage","30975.0"
"369.0","","Cobey","shenanigans","US-Korialstrasz","30965.0"
"369.0","","Haavok","Divine Fury","US-Alleria","30965.0"
"371.0","","Zurgzurg","","US-Silver Hand","30960.0"
"371.0","","Adorion","Dalaran University","US-Caelestrasz","30960.0"
"373.0","","Iceyweiner","Ante Meridiem","US-Stormrage","30955.0"
"374.0","","Vorpol","Dead End Kings","US-Greymane","30940.0"
"374.0","","Drachmà","Sublime","US-Borean Tundra","30940.0"
"376.0","","Cardabe","Zero","US-Kel'Thuzad","30935.0"
"377.0","","Shamadros","Lurkers","US-Stormrage","30930.0"
"377.0","","Aratea","Tunnelling Corp","US-Ragnaros","30930.0"
"379.0","","Catashot","Engineering Madness","US-Drenden","30925.0"
"380.0","","Peneak","Pact","US-Moon Guard","30920.0"
"380.0","","Minuett","The Driven","US-Kel'Thuzad","30920.0"
"382.0","","Keppy","LockDown","US-Dragonmaw","30915.0"
"382.0","","Zanket","Dragonfly","US-Wyrmrest Accord","30915.0"
"384.0","","Runastin","L E G E N D A R Y","US-Stormrage","30905.0"
"384.0","","Promathia","Seven Day Ban","US-Drak'thul","30905.0"
"386.0","","Unanything","Erudite","US-Zul'jin","30890.0"
"387.0","","Mousetrap","Dead on the Floor","US-Illidan","30885.0"
"388.0","","Zenurio","Xarxet","US-Warsong","30875.0"
"388.0","","Annalisse","Hive","US-Hyjal","30875.0"
"390.0","","Soulofarc","Avoiding Reality","US-Spinebreaker","30870.0"
"391.0","","Farling","Hoss","US-Draenor","30865.0"
"391.0","","Nachtwarrior","Angry","US-Illidan","30865.0"
"391.0","","Eriya","Better Part of Valor","US-Elune","30865.0"
"391.0","","Zohtaren","Álcool Finder","US-Azralon","30865.0"
"395.0","","Sharpbladez","Eat Sleep Game Repeat","US-Proudmoore","30860.0"
"395.0","","Dovesary","Engineering Madness","US-Drenden","30860.0"
"395.0","","Ravencat","Undecided","US-Mug'thol","30860.0"
"398.0","","Darktalyn","Inversion","US-Ravencrest","30855.0"
"399.0","","Shibze","Blacklisted","US-Kil'jaeden","30850.0"
"400.0","","Octostar","","US-Sargeras","30845.0"
"400.0","","Mcconnell","So Others May Live","US-Sargeras","30845.0"
"402.0","","Weetzie","Goon Squad","US-Mal'Ganis","30840.0"
"402.0","","Nathure","Murloc n Roll","US-Azralon","30840.0"
"404.0","","Cyordin","Dragonscarred","US-Whisperwind","30830.0"
"404.0","","Keliara","Bad","US-Dragonmaw","30830.0"
"406.0","","Mappr","Nurfed","US-Tichondrius","30825.0"
"406.0","","Katamisha","Blood Legion","US-Illidan","30825.0"
"406.0","","Arcool","Loot Caboose","US-Proudmoore","30825.0"
"406.0","","Cupofsoup","Bearly Acceptable","US-Kil'jaeden","30825.0"
"410.0","","Staburankle","Kami no Bushido","US-Arathor","30800.0"
"410.0","","Raefield","stay at home dads","US-Tichondrius","30800.0"
"412.0","","Zeemma","Back Off I Bite","US-Kilrogg","30795.0"
"413.0","","Serephem","Endless Kingdom","US-Proudmoore","30790.0"
"414.0","","Scarletwynd","Kentucky Fried Fury","US-Lightbringer","30785.0"
"415.0","","Navimie","Frostwolves","US-Saurfang","30775.0"
"416.0","","Zy","nVus","US-Mal'Ganis","30770.0"
"417.0","","Glitter","Sanctimonious","US-Sargeras","30765.0"
"417.0","","Wrashis","Dark Phoenix","US-Suramar","30765.0"
"419.0","","Williamt","Gummy Bear Gang","US-Hellscream","30755.0"
"420.0","","Slick","Did We Log","US-Mal'Ganis","30750.0"
"421.0","","Fortch","Resident Kabuki Theatre","US-Lightbringer","30740.0"
"422.0","","Ortho","Fury","US-Proudmoore","30735.0"
"422.0","","Naplam","Untold Prophecy","US-Zul'jin","30735.0"
"422.0","","Kathesara","Kami no Bushido","US-Hyjal","30735.0"
"425.0","","Layza","Indonesia","US-Frostmourne","30725.0"
"426.0","","Zurdyta","Vitium","US-Quel'Thalas","30720.0"
"427.0","","Reason","Proper Villains","US-Proudmoore","30715.0"
"428.0","","Freezythree","Colonial Space Marines","US-Destromath","30700.0"
"429.0","","Xaqueline","La Picá Del Varian","US-Quel'Thalas","30695.0"
"430.0","","Doneire","Strawberry Puppy Kisses","US-Area 52","30690.0"
"431.0","","Tandarin","Crossbones","US-Burning Legion","30685.0"
"431.0","","Turtleman","Descendants of Draenor","US-Deathwing","30685.0"
"433.0","","Valquirie","AsoVagos","US-Drakkari","30680.0"
"433.0","","Sarkasmos","WHATEVER WERE AWESOME","US-Magtheridon","30680.0"
"433.0","","Rainashota","Ook Ook","US-Area 52","30680.0"
"433.0","","Playböybunny","Fluff and Blood","US-Burning Blade","30680.0"
"437.0","","Xstenio","Black Tide","US-Azralon","30675.0"
"438.0","","Dyones","Drunkies","US-Stormrage","30670.0"
"439.0","","Hadesphoenix","Sensual Harrassment","US-Tichondrius","30660.0"
"440.0","","Tonìc","Vibe Raider","US-Area 52","30645.0"
"441.0","","Zodiakka","M A C A B R E","US-Aman'Thul","30640.0"
"442.0","","Wannawonga","Perfect","US-Stormrage","30625.0"
"442.0","","Darkshmark","Fistos Funhouse","US-Ghostlands","30625.0"
"442.0","","Noblewarrior","ZAFIRAH","US-Alexstrasza","30625.0"
"445.0","","Hyrcyne","Remastered","US-Llane","30620.0"
"446.0","","Deathfier","United We Loot","US-Stormrage","30615.0"
"447.0","","Melaysia","OLD FARTS CLUB","US-Stormrage","30610.0"
"447.0","","Proxy","Mythic con mi alt","US-Ragnaros","30610.0"
"449.0","","Firepheonix","Heart of Redemption","US-Stormrage","30605.0"
"450.0","","Asreal","Eternal Kingdom","US-Proudmoore","30600.0"
"450.0","","Seksii","The Great Adventure","US-Dalaran","30600.0"
"452.0","","Playpal","This Game is SO Hard","US-Illidan","30595.0"
"452.0","","Willshattner","Flash Point","US-Mal'Ganis","30595.0"
"454.0","","Destilsz","Relevant","US-Frostmourne","30585.0"
"455.0","","Danaowns","Jamaican me crazy","US-Spirestone","30580.0"
"456.0","","Hellhawk","Hell Inc","US-Hellscream","30560.0"
"456.0","","Zaseibankrui","Bite My Shiny Metal Bank","US-Area 52","30560.0"
"456.0","","Aeliora","Pale Horse","US-Hyjal","30560.0"
"459.0","","Fricaya","Light Brigade","US-Moon Guard","30555.0"
"460.0","","Frankié","Reave","US-Zul'jin","30550.0"
"460.0","","Saravian","The Empire","US-Garona","30550.0"
"462.0","","Zulu","Try Harder","US-Frostmourne","30545.0"
"462.0","","Demonraith","BlubBlub","US-Stormrage","30545.0"
"462.0","","Zrunner","Octopals","US-Bleeding Hollow","30545.0"
"462.0","","Melisan","Group Two","US-Draka","30545.0"
"466.0","","Marijka","Right Meow","US-Kel'Thuzad","30540.0"
"467.0","","Sweettoothh","Measured Chaos","US-Stormrage","30535.0"
"468.0","","Aeristhyn","Pandamonium","US-Magtheridon","30520.0"
"469.0","","Katsara","Centered","US-Lightbringer","30515.0"
"470.0","","Adriannos","Pub do Fim do Mundo","US-Gallywix","30510.0"
"471.0","","Dreins","Supremo Tribunal do Urso","US-Azralon","30495.0"
"472.0","","Lirialle","Heart of Redemption","US-Stormrage","30485.0"
"473.0","","Hex","Divinity","US-Uther","30480.0"
"473.0","","Happybunny","True Trash","US-Tichondrius","30480.0"
"475.0","","Nekthara","Mediocrity","US-Mal'Ganis","30470.0"
"475.0","","Catalinea","MUSE","US-Dalaran","30470.0"
"475.0","","Ravenskar","Bad Hombres","US-Windrunner","30470.0"
"478.0","","Jacklowry","Electrotuned","US-Kargath","30460.0"
"479.0","","Djanga","Electrotuned","US-Kargath","30455.0"
"480.0","","Kotaro","The NightsWatch","US-Shadow Council","30445.0"
"481.0","","Almetis","Liberty and Allegiance","US-Proudmoore","30440.0"
"481.0","","Pitylamonk","Ember","US-Zul'jin","30440.0"
"483.0","","Herza","Shadow Hunters","US-Stormrage","30430.0"
"483.0","","Galtak","Same","US-Barthilas","30430.0"
"483.0","","Hairygrogan","Solution","US-Greymane","30430.0"
"486.0","","Ulfreak","FOCO","US-Azralon","30425.0"
"486.0","","Markie","Void","US-Cho'gall","30425.0"
"486.0","","Amarelis","Whisper","US-Area 52","30425.0"
"489.0","","Kaisharga","Prompt Critical","US-Draenor","30420.0"
"490.0","","Delik","Mortifera","US-Suramar","30415.0"
"491.0","","Aranelle","Velocity","US-Steamwheedle Cartel","30390.0"
"492.0","","Deuxx","Damage Networks","US-Stormrage","30385.0"
"493.0","","Thunderkrush","Really Bad Players","US-Area 52","30375.0"
"494.0","","Chimpnzthat","Atonement","US-Uther","30365.0"
"494.0","","Zandorra","Ruinnation","US-Proudmoore","30365.0"
"496.0","","Xiloscient","Death Jesters","US-Stormrage","30360.0"
"496.0","","Nycterwine","Demonic Whispers","US-Windrunner","30360.0"
"496.0","","Dekar","PALS FOR LIFE","US-Kel'Thuzad","30360.0"
"499.0","","Caedhros","just bloodlust","US-Rexxar","30355.0"
"500.0","","Adalia","Comfortably Numb","US-Moon Guard","30350.0"
