,key,name,id
href,href,Feats of Strength,81
href,href,Character,92
href,href,Player vs. Player,95
href,href,Quests,96
href,href,Exploration,97
href,href,World Events,155
href,href,Winter Veil,156
href,href,Hallow's End,158
href,href,Noblegarden,159
href,href,Lunar Festival,160
href,href,Midsummer,161
href,href,Brewfest,162
href,href,Children's Week,163
href,href,Arena,165
href,href,Dungeons & Raids,168
href,href,Professions,169
href,href,Cooking,170
href,href,Fishing,171
href,href,Professions,172
href,href,Love is in the Air,187
href,href,Reputation,201
href,href,Eastern Kingdoms,14777
href,href,Kalimdor,14778
href,href,Outland,14779
href,href,Northrend,14780
href,href,Alterac Valley,14801
href,href,Arathi Basin,14802
href,href,Eye of the Storm,14803
href,href,Warsong Gulch,14804
href,href,The Burning Crusade,14805
href,href,Lich King Dungeon,14806
href,href,Classic,14808
href,href,Eastern Kingdoms,14861
href,href,Outland,14862
href,href,Northrend,14863
href,href,Classic,14864
href,href,The Burning Crusade,14865
href,href,Wrath of the Lich King,14866
href,href,Wintergrasp,14901
href,href,Lich King Raid,14922
href,href,Argent Tournament,14941
href,href,Pilgrim's Bounty,14981
href,href,Isle of Conquest,15003
href,href,Cataclysm Dungeon,15067
href,href,Cataclysm Raid,15068
href,href,Cataclysm,15069
href,href,Cataclysm,15070
href,href,Archaeology,15071
href,href,Cataclysm,15072
href,href,Battle for Gilneas,15073
href,href,Twin Peaks,15074
href,href,Tol Barad,15075
href,href,Kalimdor,15081
href,href,Rated Battleground,15092
href,href,Darkmoon Faire,15101
href,href,Pandaria Dungeon,15106
href,href,Pandaria Raid,15107
href,href,Pandaria,15110
href,href,Pandaria,15113
href,href,Pandaria,15114
href,href,Pet Battles,15117
href,href,Collect,15118
href,href,Battle,15119
href,href,Level,15120
href,href,Silvershard Mines,15162
href,href,Temple of Kotmogu,15163
href,href,Deepwind Gorge,15218
href,href,Draenor,15220
href,href,Proving Grounds,15222
href,href,Draenor Dungeon,15228
href,href,Draenor Raid,15231
href,href,Draenor,15232
href,href,Legacy,15234
href,href,Draenor,15235
href,href,Collections,15246
href,href,Toy Box,15247
href,href,Mounts,15248
href,href,Legion,15252
href,href,Legion Dungeon,15254
href,href,Legion Raid,15255
href,href,Legion,15257
href,href,Legion,15258
href,href,Appearances,15259
href,href,Honor,15266
href,href,Promotions,15268
href,href,Mounts,15269
href,href,Player vs. Player,15270
href,href,Raids,15271
href,href,Dungeons,15272
href,href,Reputation,15273
href,href,Events,15274
href,href,Dungeons,15277
href,href,Raids,15278
href,href,Player vs. Player,15279
href,href,Currencies,15280
href,href,Brawler's Guild,15282
href,href,World,15283
href,href,Battle for Azeroth,15284
href,href,Battle Dungeon,15285
href,href,Battle Raid,15286
href,href,Seething Shore,15292
href,href,Battle for Azeroth,15298
href,href,Expansion Features,15301
href,href,Pandaria Scenarios,15302
href,href,Draenor Garrison,15303
href,href,Legion Class Hall,15304
href,href,Battle for Azeroth,15305
href,href,Island Expeditions,15307
href,href,War Effort,15308
href,href,Expansion Features,15411
href,href,Ashran,15414
href,href,World Events,15416
href,href,Heart of Azeroth,15417
href,href,Visions of N'Zoth,15426
href,href,Battlegrounds,15427
href,href,Feats of Strength,81
href,href,Character,92
href,href,Player vs. Player,95
href,href,Quests,96
href,href,Exploration,97
href,href,World Events,155
href,href,Dungeons & Raids,168
href,href,Professions,169
href,href,Reputation,201
href,href,Guild,15076
href,href,Pet Battles,15117
href,href,Legacy,15234
href,href,Collections,15246
href,href,Expansion Features,15301
href,href,Guild,15076
href,href,Quests,15077
href,href,Player vs. Player,15078
href,href,Dungeons & Raids,15079
href,href,Professions,15080
href,href,Classic,15082
href,href,Cataclysm Dungeon,15083
href,href,The Burning Crusade,15084
href,href,Lich King Dungeon,15085
href,href,Lich King Raid,15086
href,href,Cataclysm Raid,15087
href,href,General,15088
href,href,Reputation,15089
href,href,Battlegrounds,15090
href,href,Arena,15091
href,href,Guild Feats of Strength,15093
href,href,Pandaria Dungeon,15153
href,href,Pandaria Raid,15154
href,href,Draenor Dungeon,15243
href,href,Draenor Raid,15244
href,href,Legion Dungeon,15262
href,href,Legion Raid,15263
href,href,Battle Dungeon,15299
href,href,Battle Raid,15300
